Long,Lat,EB_Effort,EB_Count,Smoothed
-98.25,28.5,0,0,2.98E-08
-98,28.5,0,0,6.85E-08
-97.75,28.5,7.74,0,1.56E-07
-97.5,28.5,0,0,3.51E-07
-97.25,28.5,0.67,0,7.76E-07
-97,28.5,0,0,1.68E-06
-96.75,28.5,0,0,3.55E-06
-96.5,28.5,0.75,0,7.28E-06
-96.25,28.5,0,0,1.44E-05
-82.5,28.5,0.17,0,0.017063929
-82.25,28.5,25.32,0,0.021187369
-82,28.5,21.51,0,0.026280082
-81.75,28.5,9.08,0,0.032487486
-81.5,28.5,11.53,0,0.040018497
-81.25,28.5,238.95,58,0.049127561
-81,28.5,99.09,1,0.06014219
-98.25,28.75,0,0,5.22E-08
-98,28.75,1,0,1.25E-07
-97.75,28.75,0.27,0,2.94E-07
-97.5,28.75,8.16,0,6.82E-07
-97.25,28.75,0.66,0,1.55E-06
-97,28.75,21.54,0,3.44E-06
-96.75,28.75,0,0,7.37E-06
-96.5,28.75,0,0,1.52E-05
-96.25,28.75,1.25,0,3.02E-05
-96,28.75,3.75,0,5.68E-05
-95.75,28.75,0,0,0.000101778
-82.5,28.75,24.95,0,0.020287465
-82.25,28.75,16.96,0,0.025133782
-82,28.75,9.6,0,0.031014338
-81.75,28.75,71.18,0,0.038053599
-81.5,28.75,0,0,0.046402082
-81.25,28.75,189.48,0,0.056262192
-81,28.75,46.8,2,0.067918551
-98.25,29,0,0,9.53E-08
-98,29,5.62,0,2.38E-07
-97.75,29,17.5,0,5.86E-07
-97.5,29,5.42,0,1.41E-06
-97.25,29,0.58,0,3.30E-06
-97,29,0,0,7.48E-06
-96.75,29,1.34,0,1.63E-05
-96.5,29,10.64,0,3.38E-05
-96.25,29,1.5,0,6.67E-05
-96,29,21.66,0,0.000124311
-95.75,29,10.27,0,0.000218895
-95.5,29,150.02,0,0.000363734
-82.5,29,95.49,0,0.024633313
-82.25,29,11.71,0,0.030429006
-82,29,114.83,1,0.037318538
-81.75,29,12.53,0,0.045360402
-81.5,29,29.58,0,0.05462649
-81.25,29,31.27,0,0.065246083
-81,29,17.53,0,0.077455919
-98.25,29.25,0,0,1.79E-07
-98,29.25,15.58,0,4.75E-07
-97.75,29.25,0,0,1.22E-06
-97.5,29.25,0,0,3.07E-06
-97.25,29.25,0,0,7.41E-06
-97,29.25,0,0,1.71E-05
-96.75,29.25,1.66,0,3.77E-05
-96.5,29.25,0,0,7.84E-05
-96.25,29.25,4.16,0,0.000153551
-96,29.25,0,0,0.000282009
-95.75,29.25,8.5,0,0.000485605
-95.5,29.25,168.38,0,0.000785794
-95.25,29.25,199.79,0,0.001198408
-91,29.25,0,0,0.015871346
-90.75,29.25,1.33,0,0.016638614
-90.25,29.25,26.5,0,0.018143699
-89.25,29.25,22.22,0,0.019567544
-83,29.25,5.45,5,0.019692466
-82.75,29.25,0.41,0,0.024551412
-82.5,29.25,35.2,0,0.030454809
-82.25,29.25,27.96,0,0.037458723
-82,29.25,49.75,4,0.045564903
-81.75,29.25,135.56,0,0.054731105
-81.5,29.25,2.5,0,0.064926717
-81.25,29.25,3.37,5,0.076201679
-98.25,29.5,0,0,3.42E-07
-98,29.5,7.26,0,9.62E-07
-97.75,29.5,16.1,0,2.62E-06
-97.5,29.5,30.24,0,6.85E-06
-97.25,29.5,5.25,0,1.71E-05
-97,29.5,8.6,0,4.04E-05
-96.75,29.5,0.34,0,8.98E-05
-96.5,29.5,6,0,0.000186841
-96.25,29.5,7.47,0,0.000362164
-96,29.5,0,0,0.000653068
-95.75,29.5,38.94,0,0.001096398
-95.5,29.5,43.72,0,0.001720317
-95.25,29.5,132.12,0,0.002535187
-95,29.5,146.74,0,0.003529058
-91.25,29.5,0,0,0.023446565
-91,29.5,0,0,0.024689777
-90.75,29.5,2,0,0.025938343
-90.5,29.5,4.83,0,0.027176255
-90.25,29.5,6,0,0.028385265
-90,29.5,6.75,0,0.029482619
-89.75,29.5,20.17,0,0.030301347
-83.25,29.5,4.29,0,0.019765921
-83,29.5,18.77,2,0.024742313
-82.75,29.5,68.49,0,0.030859036
-82.5,29.5,63.59,0,0.038161449
-82.25,29.5,352.55,21,0.046609488
-82,29.5,12.78,0,0.056070493
-81.75,29.5,22.72,0,0.066367248
-81.5,29.5,0,0,0.077361276
-81.25,29.5,12.05,0,0.08904336
-98.25,29.75,0,0,6.43E-07
-98,29.75,30.17,0,1.93E-06
-97.75,29.75,4.75,0,5.58E-06
-97.5,29.75,15.25,0,1.53E-05
-97.25,29.75,0,0,3.96E-05
-97,29.75,4.92,0,9.58E-05
-96.75,29.75,1.06,0,0.000215061
-96.5,29.75,3.42,0,0.000446769
-96.25,29.75,161.75,0,0.00085634
-96,29.75,61.98,0,0.00151392
-95.75,29.75,121.81,2,0.002474304
-95.5,29.75,1161.85,0,0.003757122
-95.25,29.75,22.94,0,0.005335567
-95,29.75,180.76,0,0.0071422
-94.5,29.75,178.05,0,0.011075554
-94.25,29.75,59.63,0,0.013053187
-94,29.75,29.37,0,0.01498638
-92.75,29.75,48.66,0,0.024129549
-92.5,29.75,22.57,0,0.026055225
-92.25,29.75,18.88,0,0.028065594
-91.5,29.75,0,0,0.034273179
-91.25,29.75,12,0,0.036351641
-91,29.75,1,0,0.038485953
-90.75,29.75,36.24,0,0.040665932
-90.5,29.75,1.85,0,0.042850942
-90.25,29.75,1,0,0.044963855
-90,29.75,57.15,0,0.046816291
-89.75,29.75,9.5,0,0.048092702
-89.5,29.75,13,0,0.048548111
-85.25,29.75,2.93,0,0.007295921
-83.5,29.75,6.24,1,0.020161189
-83.25,29.75,4.05,0,0.025238356
-83,29.75,61.79,0,0.03158237
-82.75,29.75,11.5,0,0.039255852
-82.5,29.75,194.13,0,0.048196852
-82.25,29.75,0,0,0.058224265
-82,29.75,63.92,0,0.069023363
-81.75,29.75,6.66,0,0.080266659
-81.5,29.75,5.5,0,0.091739128
-81.25,29.75,89.37,16,0.103422479
-98.25,30,0,0,1.16E-06
-98,30,260.14,0,3.75E-06
-97.75,30,8.25,0,1.15E-05
-97.5,30,6.17,0,3.32E-05
-97.25,30,43.42,0,8.91E-05
-97,30,5.99,0,0.000220856
-96.75,30,3.75,0,0.000501922
-96.5,30,5.62,0,0.001042947
-96.25,30,1.69,0,0.001979039
-96,30,90.83,0,0.003433126
-95.75,30,0,0,0.005464507
-95.5,30,34.58,2,0.008030341
-95.25,30,122.91,4,0.010988178
-95,30,15.78,0,0.014135524
-94.75,30,40.21,0,0.01726877
-94.5,30,3.25,0,0.020239353
-94.25,30,55.55,0,0.022982139
-94,30,54.38,0,0.025495628
-93.75,30,14.83,0,0.027833626
-93.5,30,8.83,0,0.030059912
-93.25,30,3,0,0.032256124
-93,30,85.02,0,0.034510246
-92.75,30,36.43,0,0.036919052
-92.5,30,35.82,0,0.039550075
-92.25,30,85.17,0,0.042416018
-92,30,27.86,0,0.045503054
-91.75,30,5.99,0,0.04875368
-91.5,30,0,0,0.052156569
-91.25,30,21.66,0,0.055733984
-91,30,6.17,0,0.059498073
-90.75,30,0,0,0.063411592
-90.5,30,175.38,0,0.067368642
-90.25,30,92.06,0,0.071147531
-90,30,334.35,0,0.074320503
-89.5,30,0,0,0.076927078
-89.25,30,0,0,0.075767049
-85.5,30,7,0,0.009720412
-85.25,30,0,0,0.009532256
-85,30,0,0,0.009809482
-84.75,30,0,0,0.010614884
-84.5,30,0,0,0.012032447
-83.75,30,0,0,0.021072706
-83.5,30,0,0,0.026221527
-83.25,30,0,0,0.032759219
-83,30,7.35,0,0.040788398
-82.75,30,13.7,0,0.05027105
-82.5,30,5,0,0.060978216
-82.25,30,6.79,2,0.072518678
-82,30,40.38,1,0.084405084
-81.75,30,183.65,0,0.096168199
-81.5,30,15.24,6,0.107602015
-98.25,30.25,0,0,1.96E-06
-98,30.25,111.62,0,6.79E-06
-97.75,30.25,1533.38,0,2.22E-05
-97.5,30.25,61.95,0,6.75E-05
-97.25,30.25,19.5,0,0.000188635
-97,30.25,0.1,0,0.000480469
-96.75,30.25,21.34,0,0.001108171
-96.5,30.25,7.22,0,0.002309597
-96.25,30.25,3.67,0,0.004352003
-96,30.25,9,0,0.007428949
-95.75,30.25,32.71,1,0.011545035
-95.5,30.25,41.13,14,0.016457496
-95.25,30.25,0.78,0,0.021743933
-95,30.25,3.72,0,0.026935673
-94.75,30.25,0,0,0.031656235
-94.5,30.25,2.55,0,0.035710772
-94.25,30.25,17.87,0,0.039093466
-94,30.25,8.25,5,0.041930973
-93.75,30.25,16.33,2,0.04441928
-93.5,30.25,1.88,0,0.046759952
-93.25,30.25,3,0,0.049142273
-93,30.25,32.6,0,0.051739421
-92.75,30.25,11.01,0,0.054710065
-92.5,30.25,18.67,0,0.058163673
-92.25,30.25,58.71,0,0.062144809
-92,30.25,69.34,0,0.066649537
-91.75,30.25,14.25,0,0.07165674
-91.5,30.25,11.08,0,0.077167749
-91.25,30.25,34.29,0,0.083182844
-91,30.25,422.32,0,0.089676021
-90.75,30.25,5,0,0.096548782
-90.5,30.25,25.59,0,0.103554127
-89.75,30.25,6.58,1,0.119242437
-89.5,30.25,39.35,3,0.120128453
-88,30.25,0,0,0.069222926
-85.5,30.25,21.82,4,0.013300517
-85.25,30.25,0,0,0.012995895
-85,30.25,0,0,0.013319287
-84.75,30.25,5.5,2,0.014360685
-84.5,30.25,0,0,0.01623106
-84.25,30.25,0,0,0.019051025
-84,30.25,2.94,0,0.022947722
-83.75,30.25,0,0,0.028108338
-83.5,30.25,0,0,0.034762394
-83.25,30.25,27.1,0,0.043064575
-83,30.25,22.42,0,0.05301755
-82.75,30.25,5.5,0,0.064407596
-82.5,30.25,14.75,14,0.076770393
-82.25,30.25,3.38,0,0.089472904
-82,30.25,2.75,0,0.101919322
-81.75,30.25,32.58,0,0.113565819
-81.5,30.25,170.48,1,0.124249867
-98.25,30.5,0,0,3.01E-06
-98,30.5,243.47,0,1.12E-05
-97.75,30.5,414.45,0,3.89E-05
-97.5,30.5,42.43,0,0.000124833
-97.25,30.5,1.52,0,0.000364003
-97,30.5,0,0,0.000955472
-96.75,30.5,0.07,0,0.002245325
-96.5,30.5,33.39,0,0.004718576
-96.25,30.5,154.47,0,0.00887219
-96,30.5,3.34,0,0.014967888
-95.75,30.5,0.75,0,0.022805645
-95.5,30.5,30.28,2,0.031674536
-95.25,30.5,62.08,1,0.040588477
-95,30.5,4.84,0,0.048623572
-94.75,30.5,3.25,0,0.055182992
-94.5,30.5,19.66,0,0.060105124
-94.25,30.5,48.89,15,0.063599146
-94,30.5,0,0,0.066078631
-93.75,30.5,0,0,0.068016242
-93.5,30.5,0,0,0.06983825
-93.25,30.5,0,0,0.071899362
-93,30.5,0,0,0.074469327
-92.75,30.5,5,0,0.07778438
-92.5,30.5,7.75,0,0.082004715
-92.25,30.5,2.5,0,0.087218048
-92,30.5,1,0,0.093448979
-91.75,30.5,120.27,0,0.100720808
-91.5,30.5,35.33,0,0.109092202
-91.25,30.5,160.9,0,0.118537143
-91,30.5,21.42,0,0.129019452
-90.75,30.5,12.87,9,0.140372228
-90.5,30.5,71.39,37,0.152117253
-90.25,30.5,230.01,103,0.163360472
-90,30.5,91.33,31,0.172815119
-89.75,30.5,149.67,0,0.179121311
-89.5,30.5,7.5,11,0.181035061
-89.25,30.5,9.13,4,0.177808263
-89,30.5,5.61,1,0.169275451
-88.75,30.5,0,0,0.156008333
-88.5,30.5,10.58,4,0.139308741
-88.25,30.5,29.15,0,0.120852356
-87.75,30.5,13.14,0,0.085023019
-87.5,30.5,0,0,0.069811681
-87.25,30.5,214.09,0,0.056958756
-86.75,30.5,44.58,11,0.037913453
-86,30.5,36.46,5,0.022734445
-85.75,30.5,1.83,0,0.020330857
-85.5,30.5,10.66,0,0.018973399
-85.25,30.5,0,0,0.018533234
-85,30.5,0,0,0.018948024
-84.75,30.5,0,0,0.020334442
-84.5,30.5,1,0,0.022829606
-84.25,30.5,294.01,4,0.026549044
-84,30.5,31.92,0,0.031660245
-83.75,30.5,0.28,0,0.038353406
-83.5,30.5,0,0,0.046803673
-83.25,30.5,5.42,2,0.057062096
-83,30.5,0,0,0.068960462
-82.75,30.5,3.75,0,0.082056935
-82.5,30.5,0,0,0.095619653
-82.25,30.5,0,0,0.108801825
-82,30.5,0,0,0.120904505
-81.75,30.5,5,0,0.131538366
-81.5,30.5,80.52,4,0.140732096
-98.25,30.75,0,0,4.10E-06
-98,30.75,61.66,0,1.63E-05
-97.75,30.75,217.07,0,6.01E-05
-97.5,30.75,7.75,0,0.000203433
-97.25,30.75,8.83,0,0.000620318
-97,30.75,0,0,0.001685235
-96.75,30.75,0,0,0.004059038
-96.5,30.75,5.6,0,0.008652647
-96.25,30.75,33.54,0,0.016323708
-96,30.75,0,0,0.027390725
-95.75,30.75,1.58,0,0.041198236
-95.5,30.75,3.33,0,0.056148422
-95.25,30.75,2.25,0,0.070240842
-95,30.75,33.49,1,0.081885325
-94.75,30.75,0,0,0.090254911
-94.5,30.75,0.94,0,0.095395295
-94.25,30.75,0,0,0.097980222
-94,30.75,0,0,0.098926877
-93.75,30.75,0,0,0.099161141
-93.5,30.75,4.25,0,0.099409883
-93.25,30.75,0,0,0.100248445
-93,30.75,0,0,0.10205551
-92.75,30.75,1,0,0.105133334
-92.5,30.75,9.83,46,0.109692459
-92.25,30.75,22.75,0,0.115860819
-92,30.75,0,0,0.123709045
-91.75,30.75,14.26,0,0.133308193
-91.5,30.75,13.34,0,0.1447808
-91.25,30.75,12.55,0,0.158127636
-91,30.75,22.92,11,0.173417642
-90.75,30.75,16.16,4,0.19053488
-90.5,30.75,25.66,20,0.208572131
-90.25,30.75,106.71,50,0.226193501
-90,30.75,22.66,24,0.241612042
-89.75,30.75,18.5,0,0.252563527
-89.5,30.75,0,0,0.256994373
-89.25,30.75,0,0,0.253676068
-89,30.75,6.88,15,0.24236399
-88.75,30.75,8.75,0,0.223933108
-88.5,30.75,0,0,0.20037419
-88.25,30.75,16,6,0.17427662
-87.75,30.75,0.17,0,0.123385228
-87.5,30.75,0.42,0,0.101601789
-87.25,30.75,0.08,0,0.083110915
-87,30.75,2.4,0,0.067887814
-86.75,30.75,3.67,0,0.055700426
-86.5,30.75,0,0,0.046163297
-86.25,30.75,0,0,0.038911398
-86,30.75,5,0,0.033689045
-85.75,30.75,12.35,0,0.03022946
-85.5,30.75,5.75,0,0.028272881
-85.25,30.75,0,0,0.027613182
-85,30.75,6.34,1,0.028150724
-84.75,30.75,12.91,6,0.030003781
-84.5,30.75,0,0,0.033312603
-84.25,30.75,0,0,0.038205974
-84,30.75,28.12,0,0.044809245
-83.75,30.75,2.25,0,0.053272873
-83.5,30.75,12.9,9,0.063642439
-83.25,30.75,0,0,0.075772537
-83,30.75,2.88,3,0.089243669
-82.75,30.75,0.4,0,0.103386123
-82.5,30.75,0,0,0.117217514
-82.25,30.75,32.33,6,0.129771747
-82,30.75,1,7,0.140401325
-81.75,30.75,8.33,7,0.149063583
-81.5,30.75,0,0,0.156134053
-98.25,31,0,0,4.80E-06
-98,31,0.23,0,2.03E-05
-97.75,31,28.83,0,7.95E-05
-97.5,31,78.29,0,0.000283732
-97.25,31,0,0,0.000907121
-97,31,0.8,0,0.002564427
-96.75,31,0.16,0,0.006365662
-96.5,31,0.07,0,0.013848364
-96.25,31,0.59,0,0.026442217
-96,31,2.51,0,0.044523167
-95.75,31,0,0,0.066694017
-95.5,31,1.58,0,0.089977475
-95.25,31,3,0,0.110889157
-95,31,0,0,0.126880953
-94.75,31,0,0,0.136897128
-94.5,31,0,0,0.141378599
-94.25,31,0,0,0.141753443
-94,31,2.1,2,0.139715848
-93.75,31,2.25,0,0.136774509
-93.5,31,0,0,0.13407607
-93.25,31,6.83,0,0.132425258
-93,31,13.84,2,0.132324518
-92.75,31,0,0,0.1341045
-92.5,31,12.5,0,0.138013458
-92.25,31,18.08,7,0.144205911
-92,31,0,0,0.1527943
-91.75,31,5,0,0.163905115
-91.5,31,8,0,0.177629205
-91.25,31,4,0,0.194099719
-91,31,4.17,3,0.213704828
-90.75,31,2,0,0.236336768
-90.5,31,0,0,0.260836008
-90.25,31,3.25,0,0.285536932
-90,31,1.5,1,0.308393928
-89.75,31,0,0,0.325925388
-89.5,31,0,0,0.335123781
-89.25,31,0,0,0.334267597
-89,31,0,0,0.322757498
-88.75,31,3.16,1,0.301345238
-88.5,31,0,0,0.272516571
-88.25,31,0,0,0.239794254
-88,31,17.45,0,0.206287862
-87.75,31,0,0,0.174324774
-87.5,31,0,0,0.145452212
-87.25,31,15.11,0,0.120471932
-87,31,0.28,0,0.099594901
-86.75,31,0.97,3,0.082638274
-86.5,31,0.72,0,0.069225107
-86.25,31,24.97,2,0.058981875
-86,31,0,0,0.051562615
-85.75,31,2.46,0,0.046603567
-85.5,31,0.25,0,0.043750195
-85.25,31,0,0,0.042689859
-85,31,0,0,0.04334123
-84.75,31,0,0,0.045758899
-84.5,31,6.74,0,0.050046693
-84.25,31,0,0,0.056290547
-84,31,0,0,0.064534472
-83.75,31,3.34,6,0.074761326
-83.5,31,6,2,0.086794134
-83.25,31,0,0,0.10020827
-83,31,0,0,0.11431791
-82.75,31,0,0,0.128229453
-82.5,31,0,0,0.140891089
-82.25,31,0,0,0.151428355
-82,31,4.33,2,0.159455653
-81.75,31,0,0,0.165226712
-81.5,31,160.49,27,0.169519652
-98.25,31.25,0,0,4.77E-06
-98,31.25,4.67,0,2.13E-05
-97.75,31.25,228.74,0,8.80E-05
-97.5,31.25,55.29,0,0.000330639
-97.25,31.25,2,0,0.001109932
-97,31.25,1.33,0,0.003275939
-96.75,31.25,1,0,0.008426812
-96.5,31.25,0,0,0.018856812
-96.25,31.25,0,0,0.036800008
-96,31.25,0,0,0.062856662
-95.75,31.25,0,0,0.094853236
-95.5,31.25,0,0,0.128216713
-95.25,31.25,0,0,0.157518407
-95,31.25,0,0,0.178886033
-94.75,31.25,0,0,0.190835438
-94.5,31.25,0.66,0,0.194274726
-94.25,31.25,0,0,0.191578679
-94,31.25,7.53,0,0.185398383
-93.75,31.25,0,0,0.177944737
-93.5,31.25,30.17,0,0.170860394
-93.25,31.25,5,0,0.165269742
-93,31.25,1.08,0,0.161791269
-92.75,31.25,13.75,21,0.16079869
-92.5,31.25,55.88,27,0.162517716
-92.25,31.25,8,0,0.167093436
-92,31.25,0,0,0.174628433
-91.75,31.25,0,0,0.185316374
-91.5,31.25,31.25,0,0.19920011
-91.25,31.25,0,0,0.216506593
-91,31.25,0,0,0.237855435
-90.75,31.25,0,0,0.263281006
-90.5,31.25,0,0,0.291992966
-90.25,31.25,0,0,0.322251985
-90,31.25,0,0,0.351787605
-89.75,31.25,0.05,0,0.376441872
-89.5,31.25,0,0,0.392431304
-89.25,31.25,29.83,3,0.39764627
-89,31.25,0,0,0.390788289
-88.75,31.25,1.94,5,0.371806875
-88.5,31.25,0,0,0.343196393
-88.25,31.25,0,0,0.308715118
-88,31.25,24.5,0,0.271939266
-87.75,31.25,10.58,0,0.235520565
-87.5,31.25,0,0,0.201381253
-87.25,31.25,0,0,0.170770501
-87,31.25,24,0,0.144385041
-86.75,31.25,0.17,0,0.122353409
-86.5,31.25,7.18,2,0.104526691
-86.25,31.25,2.58,0,0.090685096
-86,31.25,4.5,0,0.080481809
-85.75,31.25,0.97,0,0.073510368
-85.5,31.25,0.92,0,0.069354895
-85.25,31.25,6.49,0,0.067675589
-85,31.25,0,0,0.068322169
-84.75,31.25,15,3,0.071265617
-84.5,31.25,2.32,0,0.076506254
-84.25,31.25,10.79,0,0.083999587
-84,31.25,3.19,1,0.09360101
-83.75,31.25,0,0,0.105018568
-83.5,31.25,5.58,2,0.117767501
-83.25,31.25,0,0,0.131123886
-83,31.25,0,0,0.144177099
-82.75,31.25,0,0,0.156004842
-82.5,31.25,0,0,0.165666306
-82.25,31.25,1.5,0,0.172645589
-82,31.25,14.2,0,0.176946662
-81.75,31.25,82.44,0,0.179157583
-81.5,31.25,135.93,2,0.180274649
-98.25,31.5,0,0,3.96E-06
-98,31.5,0,0,1.85E-05
-97.75,31.5,0,0,8.03E-05
-97.5,31.5,6.64,0,0.000316558
-97.25,31.5,106.5,0,0.00111482
-97,31.5,2.09,0,0.003442776
-96.75,31.5,0,0,0.009228817
-96.5,31.5,0,0,0.021442393
-96.25,31.5,0.02,0,0.043180884
-96,31.5,2.24,0,0.075727477
-95.75,31.5,0,0,0.116765642
-95.5,31.5,0,0,0.160385874
-95.25,31.5,3.5,0,0.1992176
-95,31.5,1.5,1,0.227578471
-94.75,31.5,20.92,1,0.243016937
-94.5,31.5,0,0,0.246525768
-94.25,31.5,1.68,0,0.241257884
-94,31.5,0,0,0.230856573
-93.75,31.5,0,0,0.218292092
-93.5,31.5,1.58,0,0.205787528
-93.25,31.5,23.07,9,0.194941539
-93,31.5,32.59,28,0.186627798
-92.75,31.5,18.92,0,0.181282271
-92.5,31.5,25.87,5,0.179031549
-92.25,31.5,0,0,0.179967907
-92,31.5,17.83,0,0.184175318
-91.75,31.5,0,0,0.191791345
-91.5,31.5,6.25,0,0.202914695
-91.25,31.5,0,0,0.217725348
-91,31.5,0,0,0.236682614
-90.75,31.5,0,0,0.26041408
-90.5,31.5,15.84,13,0.288786254
-90.25,31.5,0,0,0.320339507
-90,31.5,0,0,0.352691177
-89.75,31.5,5,2,0.382335472
-89.5,31.5,0,0,0.40556512
-89.25,31.5,0,0,0.419420926
-89,31.5,41.83,4,0.42179829
-88.75,31.5,0,0,0.412123659
-88.5,31.5,0,0,0.392043201
-88.25,31.5,0,0,0.36457437
-88,31.5,9.75,0,0.332455085
-87.75,31.5,8.8,0,0.298371305
-87.5,31.5,6.82,0,0.264378511
-87.25,31.5,0.25,0,0.232118663
-87,31.5,0,0,0.20288601
-86.75,31.5,0,0,0.177395498
-86.5,31.5,8.58,0,0.156004464
-86.25,31.5,3.33,0,0.138829343
-86,31.5,2.84,0,0.125765228
-85.75,31.5,12.35,3,0.116533852
-85.5,31.5,33.75,0,0.110776124
-85.25,31.5,0,0,0.108168191
-85,31.5,0,0,0.108489856
-84.75,31.5,0,0,0.111582251
-84.5,31.5,15.65,0,0.11726549
-84.25,31.5,0,0,0.125258271
-84,31.5,18.9,1,0.135110851
-83.75,31.5,0,0,0.146189784
-83.5,31.5,2,0,0.157708664
-83.25,31.5,0,0,0.168766205
-83,31.5,0,0,0.178407327
-82.75,31.5,15,0,0.185819063
-82.5,31.5,0,0,0.190486586
-82.25,31.5,1.5,1,0.19245652
-82,31.5,0.18,0,0.192127851
-81.75,31.5,1,0,0.190367388
-81.5,31.5,6.51,0,0.188317138
-81.25,31.5,83.88,49,0.187037841
-98.25,31.75,0,0,2.71E-06
-98,31.75,6,0,1.31E-05
-97.75,31.75,0,0,5.95E-05
-97.5,31.75,0,0,0.00024567
-97.25,31.75,2,0,0.000906129
-97,31.75,2.17,0,0.002934511
-96.75,31.75,0,0,0.008249705
-96.5,31.75,0,0,0.020047598
-96.25,31.75,0,0,0.042114638
-96,31.75,4.75,0,0.076851623
-95.75,31.75,2.58,0,0.122956348
-95.5,31.75,0.04,0,0.174489839
-95.25,31.75,0.93,0,0.222772499
-95,31.75,0.03,0,0.260015393
-94.75,31.75,20,4,0.281959913
-94.5,31.75,0,0,0.288647101
-94.25,31.75,0,0,0.283251437
-94,31.75,56,4,0.270083689
-93.75,31.75,8.75,4,0.253051199
-93.5,31.75,9,3,0.235061074
-93.25,31.75,0,0,0.218288201
-93,31.75,10.58,0,0.204047873
-92.75,31.75,2,2,0.193009569
-92.5,31.75,1.75,0,0.185241734
-92.25,31.75,1.6,1,0.180770304
-92,31.75,9.08,0,0.179622322
-91.75,31.75,0,0,0.181895654
-91.5,31.75,0,0,0.187680459
-91.25,31.75,0,0,0.197030087
-91,31.75,0,0,0.210293317
-90.75,31.75,0,0,0.22816519
-90.5,31.75,0,0,0.250898059
-90.25,31.75,0,0,0.277955329
-90,31.75,0.5,0,0.307494117
-89.75,31.75,0,0,0.337280968
-89.5,31.75,0,0,0.364455837
-89.25,31.75,0,0,0.38610871
-89,31.75,0,0,0.399748286
-88.75,31.75,0,0,0.404171574
-88.5,31.75,0,0,0.400159473
-88.25,31.75,0,0,0.388125634
-88,31.75,0,0,0.369968661
-87.75,31.75,0.25,0,0.347672685
-87.5,31.75,0,0,0.322750783
-87.25,31.75,0,0,0.296650226
-87,31.75,0,0,0.270875017
-86.75,31.75,5.02,9,0.246763198
-86.5,31.75,0,0,0.225298069
-86.25,31.75,1.88,4,0.207099529
-86,31.75,0.5,0,0.192577443
-85.75,31.75,0,0,0.181807177
-85.5,31.75,0,0,0.17463866
-85.25,31.75,16,2,0.170866825
-85,31.75,2.36,6,0.170270827
-84.75,31.75,0,0,0.17255388
-84.5,31.75,0,0,0.177308601
-84.25,31.75,19.13,10,0.183970555
-84,31.75,0,0,0.191744057
-83.75,31.75,0.13,0,0.199696454
-83.5,31.75,4.35,6,0.206896472
-83.25,31.75,0,0,0.212560975
-83,31.75,0,0,0.215923399
-82.75,31.75,0,0,0.216561459
-82.5,31.75,3,0,0.214539398
-82.25,31.75,0,0,0.21037524
-82,31.75,11,0,0.204914953
-81.75,31.75,1.93,0,0.199139196
-81.5,31.75,2.5,0,0.194076952
-81.25,31.75,139.53,75,0.190672002
-98.25,32,0,0,1.53E-06
-98,32,1.5,0,7.62E-06
-97.75,32,10.33,0,3.56E-05
-97.5,32,0,0,0.000153021
-97.25,32,2,0,0.000590374
-97,32,0.5,0,0.002009188
-96.75,32,0.5,0,0.005953404
-96.5,32,20.58,0,0.015266056
-96.25,32,0,0,0.03386122
-96,32,35.89,0,0.065238435
-95.75,32,3.81,1,0.110127492
-95.5,32,0.04,0,0.164355231
-95.25,32,3.72,0,0.219561205
-95,32,0,0,0.266470434
-94.75,32,0,0,0.298242294
-94.5,32,0,0,0.312567306
-94.25,32,0,0,0.311290695
-94,32,19.17,9,0.298573723
-93.75,32,15.59,0,0.278960674
-93.5,32,22.41,2,0.256345368
-93.25,32,3.33,0,0.233760073
-93,32,16.75,12,0.213208815
-92.75,32,6.5,3,0.195710042
-92.5,32,0.13,0,0.181554495
-92.25,32,0,0,0.170744415
-92,32,13.38,0,0.163314915
-91.75,32,18.25,1,0.159269672
-91.5,32,12.66,0,0.158582247
-91.25,32,5.5,0,0.161268524
-91,32,0,0,0.167527898
-90.75,32,12,0,0.177717887
-90.5,32,0,0,0.192108601
-90.25,32,0,0,0.210780858
-90,32,0,0,0.232882828
-89.75,32,0,0,0.257632029
-89.5,32,0,0,0.283348574
-89.25,32,0,0,0.308258913
-89,32,0,0,0.330314235
-88.75,32,0,0,0.348108641
-88.5,32,0,0,0.361231442
-88.25,32,0,0,0.36861005
-88,32,0,0,0.370289633
-87.75,32,0,0,0.367262399
-87.5,32,0,0,0.360565063
-87.25,32,0,0,0.350279813
-87,32,0,0,0.337298814
-86.75,32,0,0,0.322985134
-86.5,32,0,0,0.308424676
-86.25,32,0,0,0.294690007
-86,32,1.5,0,0.282778274
-85.75,32,12.87,1,0.273160696
-85.5,32,0,0,0.265970708
-85.25,32,0,0,0.261270113
-85,32,46.66,7,0.259009743
-84.75,32,0,0,0.258844035
-84.5,32,0,0,0.260212638
-84.25,32,4.56,2,0.262394922
-84,32,18.16,15,0.264407653
-83.75,32,0.25,0,0.265281858
-83.5,32,1.1,0,0.26426293
-83.25,32,0,0,0.260968349
-83,32,0,0,0.255188753
-82.75,32,0,0,0.247039869
-82.5,32,3.5,1,0.23716426
-82.25,32,5.84,0,0.226420627
-82,32,3.34,0,0.215818289
-81.75,32,0,0,0.20627078
-81.5,32,1.75,0,0.198555179
-81.25,32,13.18,2,0.193397658
-81,32,103.74,35,0.191414367
-98,32.25,27.16,0,3.60E-06
-97.75,32.25,82.42,0,1.72E-05
-97.5,32.25,1.84,0,7.65E-05
-97.25,32.25,4,0,0.000307952
-97,32.25,6.83,0,0.001102855
-96.75,32.25,12.98,0,0.003461065
-96.5,32.25,3.58,0,0.009448602
-96.25,32.25,0,0,0.022414533
-96,32.25,57.68,0,0.046329758
-95.75,32.25,2.28,0,0.08388917
-95.5,32.25,9.26,8,0.134070875
-95.25,32.25,130.41,13,0.190976098
-95,32.25,5.32,1,0.245452833
-94.75,32.25,5.54,0,0.288516075
-94.5,32.25,11.95,1,0.314479763
-94.25,32.25,4,0,0.322211042
-94,32.25,12.8,1,0.314370718
-93.75,32.25,29.75,1,0.29537468
-93.5,32.25,42.01,0,0.269886252
-93.25,32.25,0,0,0.242187668
-93,32.25,16.41,3,0.215385865
-92.75,32.25,16,6,0.191242486
-92.5,32.25,13.23,0,0.170524545
-92.25,32.25,29.26,0,0.153498095
-92,32.25,1.66,0,0.140120924
-91.75,32.25,13.25,0,0.130290542
-91.5,32.25,17.5,0,0.123854315
-91.25,32.25,27.49,0,0.120683404
-91,32.25,7.92,0,0.120738398
-90.75,32.25,9.35,0,0.124068009
-90.5,32.25,0,0,0.130785952
-90.25,32.25,31.51,0,0.141010197
-90,32.25,172.61,10,0.154704353
-89.75,32.25,0,0,0.171705612
-89.5,32.25,2.33,2,0.19169994
-89.25,32.25,0,0,0.214329084
-89,32.25,0,0,0.238397533
-88.75,32.25,3.02,0,0.26318966
-88.5,32.25,0,0,0.287516467
-88.25,32.25,0,0,0.310457011
-88,32.25,0,0,0.330841064
-87.75,32.25,0,0,0.349017389
-87.5,32.25,0,0,0.364942233
-87.25,32.25,0,0,0.37749606
-87,32.25,0.25,0,0.386349132
-86.75,32.25,0,0,0.391350195
-86.5,32.25,2.35,0,0.393258573
-86.25,32.25,53.71,55,0.392699005
-86,32.25,5.46,0,0.390622946
-85.75,32.25,15.55,7,0.387484099
-85.5,32.25,2.17,1,0.383600749
-85.25,32.25,0.05,0,0.379319849
-85,32.25,0,0,0.374918093
-84.75,32.25,3.17,3,0.370344096
-84.5,32.25,1.62,0,0.365133781
-84.25,32.25,0,0,0.358712788
-84,32.25,0,0,0.35047267
-83.75,32.25,3.06,3,0.339871751
-83.5,32.25,0,0,0.326752543
-83.25,32.25,0,0,0.311384099
-83,32.25,0,0,0.29428158
-82.75,32.25,0,0,0.276191251
-82.5,32.25,0.61,0,0.258080846
-82.25,32.25,0,0,0.240928681
-82,32.25,0.75,0,0.225654992
-81.75,32.25,8.7,19,0.212916308
-81.5,32.25,0.25,0,0.203099219
-81.25,32.25,14.81,2,0.196702058
-81,32.25,220.11,4,0.194036423
-98,32.5,0.34,0,1.40E-06
-97.75,32.5,1,0,6.80E-06
-97.5,32.5,11.18,0,3.09E-05
-97.25,32.5,10.55,0,0.000129532
-97,32.5,98.7,0,0.000488307
-96.75,32.5,0.72,0,0.001630611
-96.5,32.5,203.88,0,0.004779756
-96.25,32.5,0,0,0.012274627
-96,32.5,0,0,0.027620844
-95.75,32.5,0,0,0.054555755
-95.5,32.5,0.8,0,0.095086961
-95.25,32.5,62.81,49,0.147144531
-95,32.5,2.22,0,0.204061438
-94.75,32.5,52.85,14,0.256476694
-94.5,32.5,13.2,0,0.29562145
-94.25,32.5,0.23,0,0.316188161
-94,32.5,32.34,9,0.317727882
-93.75,32.5,67.77,3,0.303205635
-93.5,32.5,46.07,11,0.277257718
-93.25,32.5,0,0,0.245628698
-93,32.5,6,0,0.213037424
-92.75,32.5,11.34,16,0.18244133
-92.5,32.5,32.05,1,0.155667687
-92.25,32.5,168.68,3,0.133316197
-92,32.5,164.03,0,0.115272259
-91.75,32.5,0,0,0.101257891
-91.5,32.5,2.83,0,0.090956056
-91.25,32.5,16.97,0,0.084004543
-91,32.5,13.51,0,0.080079059
-90.75,32.5,0,0,0.078925225
-90.5,32.5,0,0,0.080418138
-90.25,32.5,8.25,0,0.084575313
-90,32.5,29.43,3,0.09156345
-89.75,32.5,0,0,0.101498281
-89.5,32.5,0,0,0.114721059
-89.25,32.5,0,0,0.131536702
-89,32.5,0,0,0.151905906
-88.75,32.5,45.04,7,0.175762171
-88.5,32.5,0.35,0,0.202849011
-88.25,32.5,0,0,0.232593091
-88,32.5,2.33,0,0.264303538
-87.75,32.5,30.8,0,0.298011341
-87.5,32.5,3.61,0,0.333373885
-87.25,32.5,0,0,0.369065578
-87,32.5,0,0,0.403170844
-86.75,32.5,0,0,0.434146207
-86.5,32.5,5.22,0,0.460969221
-86.25,32.5,28.8,6,0.483102717
-86,32.5,2.15,0,0.499660022
-85.75,32.5,2.04,0,0.51046682
-85.5,32.5,18.75,11,0.515196678
-85.25,32.5,0,0,0.514254092
-85,32.5,73.12,12,0.508318841
-84.75,32.5,4.75,4,0.498049563
-84.5,32.5,0.96,1,0.48342274
-84.25,32.5,1.5,4,0.464676851
-84,32.5,0.93,0,0.442333053
-83.75,32.5,8.28,0,0.416790441
-83.5,32.5,38.13,19,0.38892227
-83.25,32.5,242.17,14,0.359867749
-83,32.5,0,0,0.330818153
-82.75,32.5,3.54,3,0.302929582
-82.5,32.5,1.5,0,0.277253455
-82.25,32.5,0,0,0.254574708
-82,32.5,14.13,10,0.235551097
-81.75,32.5,1.83,0,0.220462112
-81.5,32.5,0,0,0.209299284
-81.25,32.5,60.25,43,0.202251311
-81,32.5,2,0,0.199241355
-80.75,32.5,53.92,0,0.200379811
-98,32.75,12.07,0,4.53E-07
-97.75,32.75,4.5,0,2.21E-06
-97.5,32.75,82.01,0,1.03E-05
-97.25,32.75,416.18,0,4.45E-05
-97,32.75,290.17,0,0.000176486
-96.75,32.75,344.69,0,0.000629902
-96.5,32.75,2.18,0,0.002000713
-96.25,32.75,1.16,0,0.005623535
-96,32.75,126.89,0,0.013949923
-95.75,32.75,5.88,0,0.030541052
-95.5,32.75,16.88,0,0.059032091
-95.25,32.75,0.17,0,0.101033532
-95,32.75,15.55,0,0.153986128
-94.75,32.75,11.77,3,0.210661855
-94.5,32.75,5.5,0,0.261045227
-94.25,32.75,9.63,1,0.295940373
-94,32.75,10.84,0,0.310237533
-93.75,32.75,7.84,0,0.303792208
-93.5,32.75,4.72,0,0.280363985
-93.25,32.75,0.33,0,0.246466551
-93,32.75,33.15,4,0.208848879
-92.75,32.75,11.3,8,0.172515587
-92.5,32.75,37.39,9,0.140462258
-92.25,32.75,47.97,0,0.113837848
-92,32.75,15.58,6,0.092619573
-91.75,32.75,16,0,0.076277991
-91.5,32.75,3,0,0.064163994
-91.25,32.75,19.44,0,0.055636151
-91,32.75,0,0,0.050049569
-90.75,32.75,0,0,0.046872816
-90.5,32.75,0.5,0,0.045772669
-90.25,32.75,0,0,0.046614901
-90,32.75,0,0,0.04946433
-89.75,32.75,0,0,0.054495148
-89.5,32.75,0,0,0.062060281
-89.25,32.75,0,0,0.072641768
-89,32.75,0,0,0.086814928
-88.75,32.75,0,0,0.105108057
-88.5,32.75,3.58,1,0.128176534
-88.25,32.75,0,0,0.1563861
-88,32.75,0.07,0,0.190064649
-87.75,32.75,19.75,0,0.229631181
-87.5,32.75,0,0,0.275444757
-87.25,32.75,0,0,0.326692855
-87,32.75,0,0,0.381668812
-86.75,32.75,0,0,0.437998022
-86.5,32.75,0.95,0,0.492893405
-86.25,32.75,0,0,0.543234512
-86,32.75,0.12,1,0.58558472
-85.75,32.75,0,0,0.617177945
-85.5,32.75,0.67,2,0.636300674
-85.25,32.75,3.5,4,0.642891535
-85,32.75,0,0,0.637870063
-84.75,32.75,30.16,0,0.622323973
-84.5,32.75,19.99,10,0.597505171
-84.25,32.75,0,0,0.565196648
-84,32.75,0,0,0.52736564
-83.75,32.75,83.67,46,0.486070566
-83.5,32.75,173.86,53,0.443494142
-83.25,32.75,0,0,0.401622543
-83,32.75,0,0,0.362081896
-82.75,32.75,5,6,0.326120781
-82.5,32.75,0.84,0,0.294628969
-82.25,32.75,0,0,0.268089911
-82,32.75,0,0,0.246684288
-81.75,32.75,0.08,0,0.230306658
-81.5,32.75,24.69,14,0.218702953
-81.25,32.75,2.33,0,0.211623819
-81,32.75,1,0,0.208804112
-80.75,32.75,0,0,0.21016966
-80.5,32.75,149.85,56,0.215501258
-80.25,32.75,201.59,12,0.224518657
-80,32.75,136.26,1,0.236851499
-98,33,9.76,0,1.24E-07
-97.75,33,19,0,6.02E-07
-97.5,33,3,0,2.83E-06
-97.25,33,16.37,0,1.27E-05
-97,33,121.47,0,5.29E-05
-96.75,33,469.84,0,0.000202456
-96.5,33,43.76,0,0.000701271
-96.25,33,0,0,0.002178889
-96,33,0.08,0,0.006035927
-95.75,33,0,0,0.014848866
-95.5,33,0,0,0.032338425
-95.25,33,3.9,2,0.062266251
-95,33,69.33,2,0.106140356
-94.75,33,26.81,1,0.160802345
-94.5,33,4.16,0,0.217782027
-94.25,33,0.32,0,0.265626488
-94,33,3.86,0,0.294298353
-93.75,33,4.59,0,0.298897724
-93.5,33,10.15,27,0.280917591
-93.25,33,8.5,3,0.246963582
-93,33,1.67,0,0.205452942
-92.75,33,17.84,9,0.164005152
-92.5,33,0,0,0.127321355
-92.25,33,0,0,0.097347574
-92,33,27.52,16,0.074122192
-91.75,33,0,0,0.056901057
-91.5,33,9.34,0,0.04452967
-91.25,33,0,0,0.035980807
-91,33,3.66,0,0.03030188
-90.75,33,0,0,0.026750532
-90.5,33,0,0,0.024838188
-90.25,33,1,0,0.024306934
-90,33,0,0,0.025100893
-89.75,33,0,0,0.027300652
-89.5,33,0,0,0.031142311
-89.25,33,0,0,0.037037337
-89,33,0,0,0.04557989
-88.75,33,0,0,0.05754236
-88.5,33,0,0,0.073903328
-88.25,33,0,0,0.095779948
-88,33,0,0,0.124415974
-87.75,33,1.25,0,0.161144011
-87.5,33,0,0,0.207167972
-87.25,33,0,0,0.263188243
-87,33,0,0,0.328789285
-86.75,33,1,0,0.402100145
-86.5,33,0,0,0.479559955
-86.25,33,14.42,12,0.555944457
-86,33,0,0,0.624811708
-85.75,33,0,0,0.680127925
-85.5,33,0,0,0.717286957
-85.25,33,2.3,0,0.735057648
-85,33,0.25,0,0.734278741
-84.75,33,0.13,0,0.716340265
-84.5,33,18.72,12,0.683806331
-84.25,33,0,0,0.6404606
-84,33,16.73,5,0.589913697
-83.75,33,0,0,0.536026025
-83.5,33,0,0,0.482325234
-83.25,33,17.43,0,0.431401851
-83,33,0,0,0.385071248
-82.75,33,0.25,0,0.344375339
-82.5,33,0,0,0.30994943
-82.25,33,0,0,0.281886884
-82,33,8.33,0,0.259946565
-81.75,33,99.5,56,0.243713373
-81.5,33,9.83,0,0.232726855
-81.25,33,1.16,0,0.226488934
-81,33,0,0,0.224448165
-80.75,33,0,0,0.226557124
-80.5,33,0,0,0.232372197
-80.25,33,45.42,0,0.241718951
-80,33,0,0,0.254248899
-79.75,33,0,0,0.26964668
-97.75,33.25,1.67,0,1.40E-07
-97.5,33.25,10.17,0,6.66E-07
-97.25,33.25,26.66,0,3.06E-06
-97,33.25,35.88,0,1.34E-05
-96.75,33.25,55.81,0,5.52E-05
-96.5,33.25,115.35,0,0.000209385
-96.25,33.25,5.42,0,0.000724622
-96,33.25,0.33,0,0.002264511
-95.75,33.25,0,0,0.006339357
-95.5,33.25,0,0,0.015780508
-95.25,33.25,0.67,1,0.034713328
-95,33.25,1.24,0,0.067240793
-94.75,33.25,0.08,0,0.114626347
-94.5,33.25,7.18,0,0.172331596
-94.25,33.25,2.17,4,0.229455934
-94,33.25,0,0,0.272301443
-93.75,33.25,0,0,0.290294005
-93.5,33.25,0,0,0.280608143
-93.25,33.25,0,0,0.248637816
-93,33.25,0,0,0.204507402
-92.75,33.25,0,0,0.158438631
-92.5,33.25,7.87,7,0.117458471
-92.25,33.25,0,0,0.084657496
-92,33.25,8.01,0,0.060221626
-91.75,33.25,17.84,4,0.042943824
-91.5,33.25,2.25,0,0.031140378
-91.25,33.25,4.5,0,0.023334851
-91,33.25,0,0,0.018292619
-90.75,33.25,0,0,0.015121974
-90.5,33.25,0,0,0.013255079
-90.25,33.25,0,0,0.012379293
-90,33.25,7.5,0,0.012358198
-89.75,33.25,0,0,0.013177922
-89.5,33.25,7,0,0.014955772
-89.25,33.25,0,0,0.017957098
-89,33.25,1.32,1,0.022623117
-88.75,33.25,0,0,0.029608356
-88.5,33.25,0,0,0.03984463
-88.25,33.25,0,0,0.05459725
-88,33.25,0,0,0.075504898
-87.75,33.25,0,0,0.104547323
-87.5,33.25,13.42,0,0.143873654
-87.25,33.25,0.08,0,0.1954507
-87,33.25,3.45,0,0.260540793
-86.75,33.25,70.9,2,0.338685636
-86.5,33.25,1.2,0,0.426870516
-86.25,33.25,1.07,0,0.518884981
-86,33.25,6,2,0.606860521
-85.75,33.25,0,0,0.682027339
-85.5,33.25,0,0,0.736435111
-85.25,33.25,0,0,0.766219005
-85,33.25,3.99,6,0.771819262
-84.75,33.25,0.34,0,0.755526457
-84.5,33.25,1.25,1,0.720652086
-84.25,33.25,11.24,20,0.672149922
-84,33.25,11.74,7,0.615509068
-83.75,33.25,23.2,32,0.555972962
-83.5,33.25,0,0,0.497830271
-83.25,33.25,40.43,21,0.444037083
-83,33.25,0,0,0.396352151
-82.75,33.25,0.65,0,0.355602952
-82.5,33.25,3,3,0.322024761
-82.25,33.25,0,0,0.295425702
-82,33.25,31.28,2,0.275308094
-81.75,33.25,135.64,20,0.261047189
-81.5,33.25,2.58,5,0.252100293
-81.25,33.25,0,0,0.247770416
-81,33.25,0,0,0.247498677
-80.75,33.25,51.5,0,0.251079722
-80.5,33.25,21,14,0.258121118
-80.25,33.25,73.33,0,0.268179643
-80,33.25,0,0,0.280840175
-79.75,33.25,0,0,0.295548038
-79.5,33.25,16.84,9,0.311630717
-79.25,33.25,12.5,10,0.328865401
-97.75,33.5,1.1,0,2.88E-08
-97.5,33.5,32.21,0,1.37E-07
-97.25,33.5,1.31,0,6.44E-07
-97,33.5,10.29,0,2.96E-06
-96.75,33.5,15.25,0,1.31E-05
-96.5,33.5,2,0,5.45E-05
-96.25,33.5,4,0,0.000211
-96,33.5,0,0,0.000749427
-95.75,33.5,0,0,0.002410754
-95.5,33.5,0,0,0.006938107
-95.25,33.5,1,0,0.01765413
-95,33.5,2.16,0,0.039375458
-94.75,33.5,0,0,0.076569395
-94.5,33.5,1.85,0,0.129541408
-94.25,33.5,0.08,0,0.190857407
-94,33.5,0.79,0,0.245780296
-93.75,33.5,8.74,0,0.278407984
-93.5,33.5,0,0,0.279791027
-93.25,33.5,0,0,0.252204522
-93,33.5,0,0,0.206679957
-92.75,33.5,3.12,3,0.156376668
-92.5,33.5,0,0,0.111213273
-92.25,33.5,0,0,0.07581487
-92,33.5,19.14,3,0.050445535
-91.75,33.5,0,0,0.03340772
-91.5,33.5,0,0,0.022425764
-91.25,33.5,0,0,0.015550081
-91,33.5,0,0,0.011310558
-90.75,33.5,0,0,0.008712719
-90.5,33.5,0,0,0.007174568
-90.25,33.5,0,0,0.006364456
-90,33.5,0,0,0.00610844
-89.75,33.5,0,0,0.006344049
-89.5,33.5,0,0,0.007112665
-89.25,33.5,14.75,0,0.008558844
-89,33.5,0,0,0.010961368
-88.75,33.5,1,0,0.014767699
-88.5,33.5,4.17,0,0.020677297
-88.25,33.5,0,0,0.029745378
-88,33.5,0,0,0.043507006
-87.75,33.5,0,0,0.064032402
-87.5,33.5,0,0,0.093877951
-87.25,33.5,3,3,0.135832695
-87,33.5,1.43,0,0.19233532
-86.75,33.5,162.7,100,0.264388237
-86.5,33.5,0.75,2,0.350223217
-86.25,33.5,1.8,0,0.444518179
-86,33.5,0.08,0,0.538932991
-85.75,33.5,0.24,0,0.623340862
-85.5,33.5,0,0,0.68811605
-85.25,33.5,0,0,0.727219065
-85,33.5,13.04,11,0.73950996
-84.75,33.5,3.42,1,0.727803601
-84.5,33.5,3,0,0.696169231
-84.25,33.5,0,0,0.649967901
-84,33.5,2.17,1,0.595683157
-83.75,33.5,85.45,40,0.539130968
-83.5,33.5,0,0,0.484713014
-83.25,33.5,0,0,0.435310825
-83,33.5,0,0,0.392497438
-82.75,33.5,0.38,1,0.356855107
-82.5,33.5,5.75,0,0.328326424
-82.25,33.5,16.42,8,0.306597375
-82,33.5,367.4,30,0.291154966
-81.75,33.5,198.3,97,0.281180814
-81.5,33.5,46.75,23,0.276351713
-81.25,33.5,0,0,0.275764256
-81,33.5,0,0,0.278722299
-80.75,33.5,8.41,2,0.285083394
-80.5,33.5,19.67,2,0.294327114
-80.25,33.5,0,0,0.305615016
-80,33.5,7.5,0,0.318395215
-79.75,33.5,0,0,0.331759056
-79.5,33.5,0,0,0.345247932
-79.25,33.5,18.07,0,0.358566702
-98,33.75,2,0,1.16E-09
-97.75,33.75,0,0,5.35E-09
-97.5,33.75,6.66,0,2.53E-08
-97.25,33.75,1.66,0,1.22E-07
-97,33.75,4.75,0,5.84E-07
-96.75,33.75,440.91,0,2.77E-06
-96.5,33.75,110.49,0,1.27E-05
-96.25,33.75,2,0,5.51E-05
-96,33.75,0,0,0.000223497
-95.75,33.75,6.48,0,0.000831061
-95.5,33.75,0,0,0.002783925
-95.25,33.75,0.25,0,0.008261265
-95,33.75,6.5,0,0.0214189
-94.75,33.75,156.28,6,0.048010168
-94.5,33.75,7.81,4,0.092426837
-94.25,33.75,3.03,0,0.152412271
-94,33.75,4,0,0.215482689
-93.75,33.75,28.96,0,0.262365724
-93.5,33.75,0,0,0.277140944
-93.25,33.75,0,0,0.256663019
-93,33.75,0,0,0.211345886
-92.75,33.75,0,0,0.157470201
-92.5,33.75,0,0,0.108303167
-92.25,33.75,0,0,0.07026707
-92,33.75,0,0,0.04398669
-91.75,33.75,0.33,0,0.027172743
-91.5,33.75,0,0,0.016914675
-91.25,33.75,7.25,0,0.010859596
-91,33.75,4.58,0,0.007323749
-90.75,33.75,0,0,0.005255864
-90.5,33.75,0,0,0.00405731
-90.25,33.75,0,0,0.00340734
-90,33.75,0,0,0.003130518
-89.75,33.75,0,0,0.003147616
-89.5,33.75,0,0,0.003463417
-89.25,33.75,0,0,0.00414564
-89,33.75,0,0,0.005355388
-88.75,33.75,0,0,0.007371646
-88.5,33.75,4,0,0.010649624
-88.25,33.75,0,0,0.015941605
-88,33.75,0,0,0.024449403
-87.75,33.75,0.07,0,0.037931218
-87.5,33.75,0.25,0,0.058776271
-87.25,33.75,0,0,0.089877316
-87,33.75,1.89,2,0.134148529
-86.75,33.75,0.5,0,0.193509359
-86.5,33.75,2.15,4,0.267430543
-86.25,33.75,6.54,0,0.351989897
-86,33.75,0.7,0,0.43977893
-85.75,33.75,13.41,9,0.521043695
-85.5,33.75,12.34,13,0.586071758
-85.25,33.75,1.5,0,0.628166946
-85,33.75,0,0,0.645107425
-84.75,33.75,3.75,3,0.639183816
-84.5,33.75,88.66,10,0.614426371
-84.25,33.75,309.68,365,0.57649546
-84,33.75,34.3,13,0.531764704
-83.75,33.75,0,0,0.485597735
-83.5,33.75,0,0,0.44189822
-83.25,33.75,53.55,15,0.40312045
-83,33.75,0,0,0.370538777
-82.75,33.75,0,0,0.344571318
-82.5,33.75,3.75,0,0.325001554
-82.25,33.75,19.67,9,0.311495729
-82,33.75,0,0,0.303737805
-81.75,33.75,0,0,0.30092225
-81.5,33.75,0,0,0.302780448
-81.25,33.75,6.25,16,0.308545642
-81,33.75,1,0,0.31715867
-80.75,33.75,0,0,0.328262675
-80.5,33.75,35.59,4,0.340983311
-80.25,33.75,0,0,0.354473413
-80,33.75,0,0,0.367488879
-79.75,33.75,0.5,0,0.379159898
-79.5,33.75,30.5,113,0.388939915
-79.25,33.75,19.17,3,0.396599153
-79,33.75,34.18,6,0.402173833
-98,34,3.19,0,2.08E-10
-97.75,34,0,0,9.32E-10
-97.5,34,0,0,4.37E-09
-97.25,34,0,0,2.13E-08
-97,34,1.2,0,1.06E-07
-96.75,34,0,0,5.39E-07
-96.5,34,2.58,0,2.71E-06
-96.25,34,0,0,1.32E-05
-96,34,0,0,6.14E-05
-95.75,34,0,0,0.000264223
-95.5,34,9.58,0,0.001032682
-95.25,34,0,0,0.003587307
-95,34,0,0,0.010867156
-94.75,34,41.49,4,0.028255466
-94.5,34,5.11,0,0.062373166
-94.25,34,2.19,0,0.11612615
-94,34,0.5,0,0.182014667
-93.75,34,0,0,0.240629811
-93.5,34,0,0,0.269912947
-93.25,34,0.33,0,0.259468554
-93,34,0.78,0,0.216995306
-92.75,34,0,0,0.160903354
-92.5,34,0,0,0.108119624
-92.25,34,0,0,0.067407537
-92,34,0,0,0.040024445
-91.75,34,0.25,0,0.023222029
-91.5,34,5.1,0,0.013489767
-91.25,34,20.13,0,0.008057673
-91,34,0,0,0.005056443
-90.75,34,0,0,0.003383967
-90.5,34,0,0,0.002452896
-90.25,34,99.18,0,0.001948277
-90,34,0,0,0.00170749
-89.75,34,0,0,0.001655614
-89.5,34,0,0,0.001777094
-89.25,34,0,0,0.002103879
-89,34,0,0,0.002721372
-88.75,34,0,0,0.003793201
-88.5,34,0,0,0.005602645
-88.25,34,0,0,0.008646826
-88,34,0,0,0.013769458
-87.75,34,0,0,0.022293072
-87.5,34,0.87,0,0.036138244
-87.25,34,87.38,17,0.057800936
-87,34,0,0,0.090002024
-86.75,34,10.75,8,0.134836346
-86.5,34,0,0,0.192518284
-86.25,34,10.13,0,0.260377226
-86,34,7.04,2,0.332519002
-85.75,34,0,0,0.400805969
-85.5,34,3.13,0,0.456808497
-85.25,34,0,0,0.494730109
-85,34,85.37,30,0.512154248
-84.75,34,142.46,47,0.510537872
-84.5,34,757.14,261,0.493798296
-84.25,34,146.26,139,0.466992566
-84,34,99.33,63,0.435359436
-83.75,34,5.75,1,0.403282919
-83.5,34,0,0,0.373865901
-83.25,34,318.49,216,0.348975911
-83,34,16.1,2,0.329522297
-82.75,34,4,1,0.315809143
-82.5,34,1.65,1,0.307804183
-82.25,34,0,0,0.305218317
-82,34,0,0,0.307900809
-81.75,34,0,0,0.315199171
-81.5,34,8.83,1,0.326771615
-81.25,34,102.08,18,0.341838928
-81,34,0,0,0.359115006
-80.75,34,4,1,0.377527583
-80.5,34,0.5,0,0.395961831
-80.25,34,0,0,0.412944685
-80,34,1,0,0.426911212
-79.75,34,2.75,1,0.436550213
-79.5,34,0,0,0.441397553
-79.25,34,0,0,0.441510615
-79,34,1.5,0,0.437510179
-78.75,34,6,0,0.430584688
-78.5,34,26.04,1,0.422502148
-78.25,34,0,0,0.415494593
-78,34,21.58,24,0.411927475
-98,34.25,4.48,0,3.62E-11
-97.75,34.25,0,0,1.57E-10
-97.5,34.25,0,0,7.28E-10
-97.25,34.25,1.25,0,3.58E-09
-97,34.25,0,0,1.86E-08
-96.75,34.25,42.72,0,1.00E-07
-96.5,34.25,1,0,5.49E-07
-96.25,34.25,0,0,3.00E-06
-96,34.25,0,0,1.58E-05
-95.75,34.25,19.5,0,7.87E-05
-95.5,34.25,0,0,0.000358602
-95.25,34.25,0,0,0.001457401
-95,34.25,0.03,0,0.005158823
-94.75,34.25,8.68,2,0.015588073
-94.5,34.25,0,0,0.039607596
-94.25,34.25,4.17,0,0.083694318
-94,34.25,5.1,0,0.146457267
-93.75,34.25,0.69,0,0.211988871
-93.5,34.25,1.07,0,0.254711391
-93.25,34.25,13.58,2,0.256734604
-93,34.25,0.15,0,0.220554287
-92.75,34.25,0,0,0.164725386
-92.5,34.25,2,0,0.109462838
-92.25,34.25,0.66,0,0.066412632
-92,34.25,38.47,5,0.037835419
-91.75,34.25,6.71,0,0.020827442
-91.5,34.25,2.72,0,0.011403035
-91.25,34.25,0,0,0.006389774
-91,34.25,0,0,0.003754243
-90.75,34.25,0,0,0.002356874
-90.5,34.25,0,0,0.001609037
-90.25,34.25,0.33,0,0.001210329
-90,34.25,0.25,0,0.001012078
-89.75,34.25,13.3,0,0.000944366
-89.5,34.25,32.38,0,0.000985217
-89.25,34.25,3.08,4,0.001147687
-89,34.25,0,0,0.001475932
-88.75,34.25,1,0,0.002065246
-88.5,34.25,8,0,0.003091746
-88.25,34.25,0,0,0.004876058
-88,34.25,0.7,0,0.007979335
-87.75,34.25,0.14,0,0.013326582
-87.5,34.25,9.36,0,0.022322805
-87.25,34.25,3.96,0,0.036872621
-87,34.25,0,0,0.059140878
-86.75,34.25,0,0,0.090903334
-86.5,34.25,15.24,6,0.13256248
-86.25,34.25,1.83,0,0.182222747
-86,34.25,0,0,0.235428955
-85.75,34.25,3.16,0,0.286001736
-85.5,34.25,0.5,0,0.327810656
-85.25,34.25,3.22,3,0.356365733
-85,34.25,98.58,23,0.370158726
-84.75,34.25,123.97,25,0.370294974
-84.5,34.25,748.58,197,0.360160875
-84.25,34.25,0,0,0.343649702
-84,34.25,126.16,57,0.324614667
-83.75,34.25,124.17,2,0.30618778
-83.5,34.25,0,0,0.290573632
-83.25,34.25,0,0,0.279053614
-83,34.25,1.43,0,0.272334772
-82.75,34.25,2,0,0.270786765
-82.5,34.25,0,0,0.274528939
-82.25,34.25,0,0,0.283596466
-82,34.25,13.75,0,0.298010395
-81.75,34.25,0,0,0.317368513
-81.5,34.25,2,0,0.341113791
-81.25,34.25,3.5,0,0.368231022
-81,34.25,3,0,0.397235939
-80.75,34.25,0.75,0,0.426246289
-80.5,34.25,3.25,2,0.453150321
-80.25,34.25,0.5,0,0.475541033
-80,34.25,1.7,0,0.491339338
-79.75,34.25,13.94,2,0.499005958
-79.5,34.25,0,0,0.498009507
-79.25,34.25,4.5,0,0.489043255
-79,34.25,0,0,0.473740861
-78.75,34.25,0,0,0.454442719
-78.5,34.25,10.92,14,0.433995119
-78.25,34.25,1.3,0,0.415282617
-78,34.25,0,0,0.401019702
-98,34.5,12,0,6.36E-12
-97.75,34.5,0,0,2.67E-11
-97.5,34.5,0,0,1.21E-10
-97.25,34.5,0,0,5.99E-10
-97,34.5,5.5,0,3.20E-09
-96.75,34.5,0,0,1.82E-08
-96.5,34.5,0,0,1.08E-07
-96.25,34.5,0,0,6.56E-07
-96,34.5,0,0,3.92E-06
-95.75,34.5,0,0,2.23E-05
-95.5,34.5,0,0,0.00011781
-95.25,34.5,0,0,0.000557063
-95,34.5,0,0,0.002295182
-94.75,34.5,0.51,0,0.008045795
-94.5,34.5,1.19,0,0.023512913
-94.25,34.5,2.52,0,0.056503688
-94,34.5,0.51,0,0.110788524
-93.75,34.5,2.38,0,0.176322347
-93.5,34.5,12.65,0,0.228459708
-93.25,34.5,7.84,1,0.243693536
-93,34.5,24.83,2,0.217581649
-92.75,34.5,16.33,7,0.165852694
-92.5,34.5,112.86,20,0.11055693
-92.25,34.5,68.2,1,0.066227524
-92,34.5,0,0,0.036733715
-91.75,34.5,2,0,0.01945749
-91.5,34.5,5,0,0.010166328
-91.25,34.5,2.72,0,0.005405569
-91,34.5,0,0,0.003004643
-90.75,34.5,0.68,0,0.001782101
-90.5,34.5,1.18,0,0.001149968
-90.25,34.5,0,0,0.000822072
-90,34.5,0,0,0.000658054
-89.75,34.5,31.6,0,0.000591813
-89.5,34.5,64.75,0,0.000600395
-89.25,34.5,0,0,0.00068519
-89,34.5,0,0,0.000870944
-88.75,34.5,11.5,0,0.001215886
-88.5,34.5,0,0,0.001832664
-88.25,34.5,0,0,0.002925253
-88,34.5,2.3,0,0.004864583
-87.75,34.5,0,0,0.008275536
-87.5,34.5,1.93,0,0.014127926
-87.25,34.5,5.83,0,0.023755756
-87,34.5,28.31,0,0.038682197
-86.75,34.5,4.14,0,0.060144758
-86.5,34.5,60.21,0,0.088364899
-86.25,34.5,2.66,0,0.121874567
-86,34.5,0.5,0,0.15740912
-85.75,34.5,0,0,0.190704353
-85.5,34.5,5.62,0,0.217647123
-85.25,34.5,121.78,0,0.235614762
-85,34.5,12.75,0,0.24389673
-84.75,34.5,63.58,16,0.243750736
-84.5,34.5,0.15,0,0.237704147
-84.25,34.5,60.25,42,0.228578228
-84,34.5,1.17,0,0.218918121
-83.75,34.5,0,0,0.210692552
-83.5,34.5,2.5,0,0.205296241
-83.25,34.5,2,0,0.203619587
-83,34.5,0,0,0.206293482
-82.75,34.5,0,0,0.213834485
-82.5,34.5,0,0,0.226712243
-82.25,34.5,18.25,2,0.245367413
-82,34.5,0,0,0.270101658
-81.75,34.5,33.59,2,0.30091778
-81.5,34.5,0,0,0.33728332
-81.25,34.5,0,0,0.377945283
-81,34.5,0,0,0.420799333
-80.75,34.5,7.75,7,0.462931173
-80.5,34.5,0,0,0.500835455
-80.25,34.5,0,0,0.530904843
-80,34.5,0,0,0.550063627
-79.75,34.5,0,0,0.55645669
-79.5,34.5,0,0,0.549692186
-79.25,34.5,4.08,0,0.53128513
-79,34.5,0,0,0.504266437
-78.75,34.5,6,1,0.472485297
-78.5,34.5,14.72,0,0.439940924
-78.25,34.5,3.99,9,0.410179872
-78,34.5,0.43,3,0.386121772
-77.75,34.5,3.75,0,0.370036049
-77.5,34.5,0,0,0.363702755
-98,34.75,1.75,0,1.16E-12
-97.75,34.75,0,0,4.71E-12
-97.5,34.75,0,0,2.10E-11
-97.25,34.75,0,0,1.04E-10
-97,34.75,0,0,5.66E-10
-96.75,34.75,0,0,3.37E-09
-96.5,34.75,0,0,2.15E-08
-96.25,34.75,0,0,1.42E-07
-96,34.75,0,0,9.48E-07
-95.75,34.75,2,0,6.12E-06
-95.5,34.75,0,0,3.70E-05
-95.25,34.75,10.5,0,0.000201294
-95,34.75,1.6,0,0.000957747
-94.75,34.75,9.33,0,0.003867029
-94.5,34.75,2.89,0,0.012933363
-94.25,34.75,12,0,0.035277005
-94,34.75,11.26,5,0.077428849
-93.75,34.75,2.88,6,0.13573508
-93.5,34.75,2.04,0,0.190556399
-93.25,34.75,1.87,0,0.216895194
-93,34.75,6.84,2,0.203644139
-92.75,34.75,49.71,0,0.160544454
-92.5,34.75,158.57,46,0.108972966
-92.25,34.75,331.98,10,0.065461902
-92,34.75,5.66,0,0.035924079
-91.75,34.75,0,0,0.018620873
-91.5,34.75,4,0,0.009429883
-91.25,34.75,0,0,0.004825601
-91,34.75,0,0,0.00256843
-90.75,34.75,9.38,0,0.001455484
-90.5,34.75,3.92,0,0.000897513
-90.25,34.75,0,0,0.000614428
-90,34.75,5.25,0,0.000473101
-89.75,34.75,2.9,0,0.000412241
-89.5,34.75,52.36,0,0.000407457
-89.25,34.75,0,0,0.00045503
-89,34.75,0,0,0.0005692
-88.75,34.75,0,0,0.000787792
-88.5,34.75,0,0,0.001184989
-88.25,34.75,0,0,0.00189661
-88,34.75,8.5,0,0.003168366
-87.75,34.75,11.41,0,0.005417751
-87.5,34.75,31.81,1,0.00929118
-87.25,34.75,0,0,0.015663475
-87,34.75,69.31,0,0.025492778
-86.75,34.75,4.77,0,0.039478703
-86.5,34.75,101.02,0,0.057563506
-86.25,34.75,0.66,0,0.078532834
-86,34.75,2.94,0,0.100075516
-85.75,34.75,0,0,0.119421178
-85.5,34.75,6.65,0,0.134244467
-85.25,34.75,140.5,7,0.14327236
-85,34.75,31.09,10,0.146603075
-84.75,34.75,39.91,28,0.145436148
-84.5,34.75,30.48,4,0.141567579
-84.25,34.75,103.66,2,0.136807546
-84,34.75,72.56,0,0.132678228
-83.75,34.75,0,0,0.130296806
-83.5,34.75,60.99,14,0.130477674
-83.25,34.75,23.24,2,0.133909971
-83,34.75,94.67,39,0.141218003
-82.75,34.75,118.91,4,0.15310315
-82.5,34.75,20.39,21,0.170389906
-82.25,34.75,0,0,0.193981426
-82,34.75,16,0,0.224721281
-81.75,34.75,0,0,0.263136245
-81.5,34.75,0,0,0.309128083
-81.25,34.75,0,0,0.361467212
-81,34.75,13,0,0.417398153
-80.75,34.75,5.25,0,0.472901634
-80.5,34.75,0,0,0.522917166
-80.25,34.75,0,0,0.562412596
-80,34.75,7,0,0.586914415
-79.75,34.75,0,0,0.593906375
-79.5,34.75,0,0,0.583141874
-79.25,34.75,0,0,0.55708714
-79,34.75,0,0,0.520309251
-78.75,34.75,0,0,0.478184766
-78.5,34.75,0,0,0.435849617
-78.25,34.75,0,0,0.397381346
-78,34.75,0,0,0.3658149
-77.75,34.75,0,0,0.343216595
-77.5,34.75,0,0,0.331015948
-77.25,34.75,7.74,6,0.330437881
-77,34.75,0,0,0.342945176
-76.75,34.75,0.75,0,0.370766095
-76.5,34.75,6.43,0,0.41734279
-98,35,1.88,0,2.26E-13
-97.75,35,0,0,8.90E-13
-97.5,35,3.25,0,3.89E-12
-97.25,35,15.71,0,1.91E-11
-97,35,0,0,1.06E-10
-96.75,35,0,0,6.50E-10
-96.5,35,0,0,4.37E-09
-96.25,35,0,0,3.12E-08
-96,35,0,0,2.28E-07
-95.75,35,32.92,0,1.64E-06
-95.5,35,9.5,0,1.12E-05
-95.25,35,0.03,0,6.91E-05
-95,35,0,0,0.000374505
-94.75,35,0,0,0.001723086
-94.5,35,0.34,0,0.00653828
-94.25,35,3.95,3,0.020080456
-94,35,0,0,0.049139622
-93.75,35,4.72,1,0.094810508
-93.5,35,2.38,0,0.144654657
-93.25,35,1.1,0,0.177099452
-93,35,32.94,6,0.17660199
-92.75,35,1.68,0,0.145813721
-92.5,35,82.64,0,0.102221728
-92.25,35,31.16,0,0.062548671
-92,35,8.86,0,0.03455056
-91.75,35,28.92,0,0.017833527
-91.5,35,30.17,0,0.008911715
-91.25,35,9.72,0,0.004465352
-91,35,0,0,0.002314268
-90.75,35,3.42,0,0.001272215
-90.5,35,2.5,0,0.00075974
-90.25,35,56.89,0,0.000503865
-90,35,30.3,0,0.000376583
-89.75,35,7.42,0,0.000319471
-89.5,35,0,0,0.00030842
-89.25,35,11.92,0,0.000337074
-89,35,0,0,0.000413853
-88.75,35,0,0,0.000565054
-88.5,35,0.02,0,0.000842259
-88.25,35,3.7,0,0.001338068
-88,35,5.62,2,0.002219202
-87.75,35,0.3,0,0.003763979
-87.5,35,1.28,0,0.006391376
-87.25,35,1.5,0,0.010639575
-87,35,0.5,0,0.017036528
-86.75,35,0,0,0.025865812
-86.5,35,11.76,0,0.036852687
-86.25,35,0,0,0.048994208
-86,35,13.98,0,0.060734753
-85.75,35,0.33,0,0.070471882
-85.5,35,3.67,1,0.077087775
-85.25,35,0,0,0.080246388
-85,35,109.32,59,0.080432583
-84.75,35,0.75,0,0.078602969
-84.5,35,27.15,0,0.075919448
-84.25,35,17.63,0,0.073412704
-84,35,259.24,2,0.071860817
-83.75,35,35.99,1,0.071848821
-83.5,35,104.81,0,0.073869266
-83.25,35,176.73,0,0.078436186
-83,35,50,0,0.08616825
-82.75,35,72.57,3,0.097869048
-82.5,35,0,0,0.114573592
-82.25,35,33.03,18,0.137545626
-82,35,89.88,24,0.168208863
-81.75,35,259.67,0,0.207771236
-81.5,35,0.25,0,0.256867462
-81.25,35,3.62,0,0.314793323
-81,35,0,0,0.378786681
-80.75,35,124.76,41,0.443959346
-80.5,35,1.28,0,0.504046274
-80.25,35,0.05,0,0.552929484
-80,35,22.75,4,0.584500474
-79.75,35,4.83,7,0.5948179
-79.5,35,6.27,10,0.583838111
-79.25,35,11.42,6,0.554611208
-79,35,0.5,0,0.512908951
-78.75,35,11.99,6,0.465230195
-78.5,35,3.48,1,0.417561908
-78.25,35,0,0,0.374427417
-78,35,0,0,0.338911091
-77.75,35,0,0,0.312855717
-77.5,35,0,0,0.297372727
-77.25,35,0,0,0.293326298
-77,35,7.62,13,0.30181294
-98,35.25,0,0,4.81E-14
-97.75,35.25,0.02,0,1.85E-13
-97.5,35.25,57.56,0,7.95E-13
-97.25,35.25,38.55,0,3.87E-12
-97,35.25,0.5,0,2.14E-11
-96.75,35.25,0,0,1.34E-10
-96.5,35.25,0,0,9.37E-10
-96.25,35.25,0,0,7.08E-09
-96,35.25,0,0,5.57E-08
-95.75,35.25,0,0,4.37E-07
-95.5,35.25,0,0,3.29E-06
-95.25,35.25,0,0,2.26E-05
-95,35.25,0,0,0.000137371
-94.75,35.25,0,0,0.000708526
-94.5,35.25,0.25,0,0.003011177
-94.25,35.25,11.37,0,0.010304711
-94,35.25,1.56,0,0.027875533
-93.75,35.25,68.83,0,0.058999273
-93.5,35.25,3.6,1,0.098013602
-93.25,35.25,14.41,3,0.129706988
-93,35.25,30.09,13,0.13832675
-92.75,35.25,28.17,0,0.120982305
-92.5,35.25,10.41,0,0.08879239
-92.25,35.25,0.5,0,0.056236401
-92,35.25,0,0,0.031809017
-91.75,35.25,10.5,0,0.016650192
-91.5,35.25,23.75,0,0.008363353
-91.25,35.25,10.01,0,0.004179351
-91,35.25,0,0,0.002146152
-90.75,35.25,0,0,0.001163937
-90.5,35.25,0,0,0.000684625
-90.25,35.25,29.5,0,0.000445991
-90,35.25,148.61,0,0.000327162
-89.75,35.25,39.18,0,0.000271826
-89.5,35.25,3.25,0,0.000256821
-89.25,35.25,0,0,0.000275093
-89,35.25,0,0,0.000331821
-88.75,35.25,0,0,0.000445523
-88.5,35.25,3.25,0,0.000653503
-88.25,35.25,1.75,0,0.001022407
-88,35.25,0,0,0.001665532
-87.75,35.25,8.32,0,0.002768086
-87.5,35.25,3.6,0,0.004591396
-87.25,35.25,3.22,0,0.007437092
-87,35.25,3.13,0,0.011544449
-86.75,35.25,0,0,0.01692656
-86.5,35.25,0,0,0.023212629
-86.25,35.25,3.25,0,0.029632501
-86,35.25,13,0,0.0352314
-85.75,35.25,1.25,0,0.039228019
-85.5,35.25,0,0,0.041260686
-85.25,35.25,0,0,0.041448225
-85,35.25,42.68,8,0.04030101
-84.75,35.25,52.77,5,0.038481551
-84.5,35.25,2.25,0,0.036616213
-84.25,35.25,6.75,0,0.035207914
-84,35.25,27.97,0,0.034611919
-83.75,35.25,14.52,0,0.03509586
-83.5,35.25,22.99,3,0.036938574
-83.25,35.25,77.49,0,0.040500752
-83,35.25,119.03,0,0.046297897
-82.75,35.25,59.51,0,0.055072216
-82.5,35.25,70.49,0,0.067847982
-82.25,35.25,21.99,0,0.085990033
-82,35.25,1.5,0,0.11114998
-81.75,35.25,9,3,0.14510578
-81.5,35.25,32.78,2,0.189318081
-81.25,35.25,19,13,0.244070625
-81,35.25,184.46,99,0.307361926
-80.75,35.25,286.51,140,0.374551042
-80.5,35.25,0.52,0,0.439016881
-80.25,35.25,0.27,0,0.493825956
-80,35.25,6.5,0,0.532139978
-79.75,35.25,0.25,0,0.548484334
-79.5,35.25,88.51,17,0.5419367
-79.25,35.25,0,0,0.516010642
-79,35.25,8.25,2,0.476265393
-78.75,35.25,4,0,0.429663658
-78.5,35.25,0,0,0.382683391
-78.25,35.25,96.32,42,0.340083172
-78,35.25,0,0,0.304919415
-77.75,35.25,1.22,0,0.278853865
-77.5,35.25,0,0,0.262841294
-77.25,35.25,0,0,0.257551741
-77,35.25,0,0,0.263779637
-76.75,35.25,0.08,0,0.282874562
-76.5,35.25,0,0,0.317175087
-97.75,35.5,320.28,0,4.29E-14
-97.5,35.5,41.11,0,1.81E-13
-97.25,35.5,0,0,8.66E-13
-97,35.5,0,0,4.76E-12
-96.75,35.5,0,0,3.00E-11
-96.5,35.5,0,0,2.14E-10
-96.25,35.5,0,0,1.68E-09
-96,35.5,0,0,1.39E-08
-95.75,35.5,0,0,1.17E-07
-95.5,35.5,0,0,9.48E-07
-95.25,35.5,0,0,7.11E-06
-95,35.5,30.5,0,4.72E-05
-94.75,35.5,0,0,0.000267547
-94.5,35.5,3.47,0,0.001250421
-94.25,35.5,34.95,0,0.00470231
-94,35.5,0.17,0,0.013923731
-93.75,35.5,0,0,0.032155836
-93.5,35.5,9.7,0,0.058121319
-93.25,35.5,0,0,0.083240171
-93,35.5,17.74,0,0.095412693
-92.75,35.5,1.4,0,0.089182863
-92.5,35.5,0.75,0,0.069430044
-92.25,35.5,2,0,0.046256124
-92,35.5,0,0,0.027253562
-91.75,35.5,5,0,0.014725889
-91.5,35.5,0,0,0.007576711
-91.25,35.5,4.42,0,0.0038496
-91,35.5,0,0,0.001995525
-90.75,35.5,0,0,0.001087128
-90.5,35.5,0,0,0.000639379
-90.25,35.5,0,0,0.000415001
-90,35.5,4.5,0,0.000301998
-89.75,35.5,11.08,0,0.00024808
-89.5,35.5,0,0,0.000230918
-89.25,35.5,57.31,0,0.00024326
-89,35.5,0.53,0,0.000288429
-88.75,35.5,32.24,0,0.000379857
-88.5,35.5,0,0,0.000545407
-88.25,35.5,0,0,0.000833167
-88,35.5,0,0,0.001321793
-87.75,35.5,55.19,0,0.002130959
-87.5,35.5,28.48,0,0.003412796
-87.25,35.5,30.25,0,0.005310691
-87,35.5,0,0,0.007884352
-86.75,35.5,4.03,0,0.011011169
-86.5,35.5,0.75,0,0.014335476
-86.25,35.5,0.17,0,0.017335508
-86,35.5,8.47,0,0.01951302
-85.75,35.5,0,0,0.020591133
-85.5,35.5,5,0,0.020582283
-85.25,35.5,18,3,0.019740648
-85,35.5,0.67,0,0.018443118
-84.75,35.5,5.5,0,0.017060608
-84.5,35.5,0.7,0,0.015872307
-84.25,35.5,0,0,0.015070807
-84,35.5,30.95,0,0.014786481
-83.75,35.5,99.59,0,0.015124904
-83.5,35.5,85.28,0,0.016225007
-83.25,35.5,74.65,0,0.018304137
-83,35.5,71.87,0,0.021710514
-82.75,35.5,55.4,0,0.026991693
-82.5,35.5,94.34,1,0.034943342
-82.25,35.5,41.83,0,0.046727014
-82,35.5,0,0,0.063842048
-81.75,35.5,0,0,0.088147611
-81.5,35.5,0.48,0,0.121528603
-81.25,35.5,0.05,0,0.165245866
-81,35.5,30.74,19,0.218556521
-80.75,35.5,51.36,20,0.278243049
-80.5,35.5,5.66,0,0.338789049
-80.25,35.5,3.58,0,0.393133582
-80,35.5,65.52,3,0.434517976
-79.75,35.5,0.69,1,0.456984327
-79.5,35.5,0,0,0.458583828
-79.25,35.5,96.83,11,0.441577441
-79,35.5,34.75,6,0.410643619
-78.75,35.5,10.58,0,0.3720339
-78.5,35.5,23.03,3,0.332040464
-78.25,35.5,0,0,0.295188417
-78,35.5,11,0,0.264509326
-77.75,35.5,0,0,0.241683446
-77.5,35.5,0,0,0.227619685
-77.25,35.5,4.17,0,0.223018221
-76.75,35.5,0,0,0.245221521
-76.5,35.5,3,0,0.27553017
-76.25,35.5,36.75,7,0.323105547
-76,35.5,0.42,0,0.393478144
-97.75,35.75,0,0,1.10E-14
-97.5,35.75,28.17,0,4.59E-14
-97.25,35.75,0.5,0,2.17E-13
-97,35.75,0,0,1.17E-12
-96.75,35.75,0,0,7.37E-12
-96.5,35.75,0.03,0,5.31E-11
-96.25,35.75,0,0,4.24E-10
-96,35.75,0,0,3.63E-09
-95.75,35.75,0,0,3.17E-08
-95.5,35.75,0,0,2.71E-07
-95.25,35.75,0,0,2.15E-06
-95,35.75,0,0,1.53E-05
-94.75,35.75,0,0,9.27E-05
-94.5,35.75,0,0,0.000467201
-94.25,35.75,7.72,0,0.001895421
-94,35.75,8.23,0,0.006064918
-93.75,35.75,15.37,0,0.015163138
-93.5,35.75,6.24,0,0.029747873
-93.25,35.75,6.97,0,0.046076345
-93,35.75,7.42,0,0.057027099
-92.75,35.75,0,0,0.057204231
-92.5,35.75,0,0,0.047696311
-92.25,35.75,0,0,0.03386314
-92,35.75,0,0,0.021122283
-91.75,35.75,4.5,0,0.011995825
-91.5,35.75,0.34,0,0.006445181
-91.25,35.75,5.78,0,0.003395164
-91,35.75,0,0,0.001811219
-90.75,35.75,55.48,0,0.001008686
-90.5,35.75,2,0,0.000602511
-90.25,35.75,0,0,0.000394598
-90,35.75,0.58,0,0.000287712
-89.75,35.75,0,0,0.000235612
-89.5,35.75,0,0,0.000217712
-89.25,35.75,0,0,0.000226915
-89,35.75,2.85,0,0.000264991
-88.75,35.75,279.72,0,0.000341633
-88.5,35.75,1,0,0.000477845
-88.25,35.75,1.61,0,0.00070868
-88,35.75,0,0,0.001087552
-87.75,35.75,0,0,0.001686594
-87.5,35.75,0,0,0.002582546
-87.25,35.75,8.56,0,0.003820729
-87,35.75,3.34,0,0.00536439
-86.75,35.75,20.77,0,0.007052985
-86.5,35.75,95.34,0,0.008615321
-86.25,35.75,29.59,0,0.0097542
-86,35.75,0,0,0.010274949
-85.75,35.75,55.83,0,0.010164714
-85.5,35.75,0,0,0.00955764
-85.25,35.75,45.59,0,0.008669454
-85,35.75,60.41,0,0.007715139
-84.75,35.75,0.67,0,0.006856261
-84.5,35.75,1,0,0.006188763
-84.25,35.75,18.14,18,0.005762052
-84,35.75,34.07,1,0.005604665
-83.75,35.75,58,0,0.005748093
-83.5,35.75,192.21,0,0.006250388
-83.25,35.75,66.4,0,0.007220361
-83,35.75,62.09,0,0.008849274
-82.75,35.75,78.75,3,0.011454842
-82.5,35.75,61.72,4,0.015537284
-82.25,35.75,176.4,1,0.021866156
-82,35.75,82.02,0,0.031555946
-81.75,35.75,10.73,0,0.046071455
-81.5,35.75,2.3,0,0.06710965
-81.25,35.75,0,0,0.096283066
-81,35.75,15.15,0,0.13404935
-80.75,35.75,0,0,0.1789472
-80.5,35.75,0,0,0.227547632
-80.25,35.75,14.57,0,0.274212778
-80,35.75,0,0,0.312937475
-79.75,35.75,27.95,1,0.338592528
-79.5,35.75,11.95,0,0.348354632
-79.25,35.75,0,0,0.342903697
-79,35.75,0,0,0.324909865
-78.75,35.75,0,0,0.299014691
-78.5,35.75,0,0,0.270390094
-78.25,35.75,0,0,0.243044943
-78,35.75,6.74,0,0.219855249
-77.75,35.75,0,0,0.202596145
-77.5,35.75,0,0,0.192323951
-77.25,35.75,4.75,0,0.189815322
-77,35.75,1.5,0,0.19581534
-76.75,35.75,0.83,0,0.211345491
-76.5,35.75,28.59,0,0.238747104
-76.25,35.75,0,0,0.281535921
-75.75,35.75,51.6,25,0.43611454
-97.5,36,0.12,0,1.29E-14
-97.25,36,0.5,0,6.01E-14
-97,36,39.08,0,3.21E-13
-96.75,36,0,0,1.99E-12
-96.5,36,0,0,1.43E-11
-96.25,36,0,0,1.14E-10
-96,36,26.05,0,9.88E-10
-95.75,36,3.25,0,8.81E-09
-95.5,36,0,0,7.72E-08
-95.25,36,10.5,0,6.34E-07
-95,36,54,0,4.66E-06
-94.75,36,20.34,0,2.96E-05
-94.5,36,0,0,0.000157159
-94.25,36,32.49,0,0.000674595
-94,36,2.25,0,0.002299246
-93.75,36,0,0,0.006171301
-93.5,36,9.72,0,0.013037495
-93.25,36,16.67,0,0.021837971
-93,36,0,0,0.029183856
-92.75,36,5,0,0.03156627
-92.5,36,0,0,0.028338909
-92.25,36,9.59,0,0.021640368
-92,36,1.19,0,0.014491471
-91.75,36,0,0,0.008799575
-91.5,36,0,0,0.005023565
-91.25,36,0,0,0.002793036
-91,36,0,0,0.001560868
-90.75,36,0,0,0.000903382
-90.5,36,0,0,0.000556154
-89.75,36,1,0,0.00022645
-89.5,36,3.67,0,0.000209071
-89.25,36,0,0,0.000216382
-89,36,0,0,0.000249172
-88.75,36,1.19,0,0.000314544
-88.5,36,0,0,0.000427842
-88.25,36,0,0,0.000613536
-88,36,85.41,0,0.000905382
-87.75,36,1.99,0,0.001341437
-87.5,36,0,0,0.001949326
-87.25,36,1.55,0,0.002719208
-87,36,71.19,0,0.003579333
-86.75,36,179.94,0,0.004390269
-86.5,36,44.58,0,0.00498625
-86.25,36,27.28,0,0.005237451
-86,36,0,0,0.005117233
-85.75,36,24.91,0,0.004703992
-85.5,36,66.22,0,0.004126804
-85.25,36,13,0,0.003512831
-85,36,15.58,0,0.002955477
-84.75,36,8.08,0,0.002505151
-84.5,36,21.47,2,0.002178602
-84.25,36,96.49,3,0.001975522
-84,36,311.74,3,0.00189268
-83.75,36,86.45,0,0.001933986
-83.5,36,15.66,0,0.002118738
-83.25,36,38.34,0,0.00249156
-83,36,0,0,0.003137341
-82.75,36,56.87,0,0.00420625
-82.5,36,25.91,0,0.005948009
-82.25,36,6.34,0,0.008771865
-82,36,87.59,0,0.013329099
-81.75,36,68.16,0,0.020539961
-81.5,36,16.37,0,0.031598276
-81.25,36,3.17,0,0.047808781
-81,36,7,0,0.070177685
-80.75,36,6.75,0,0.098572237
-80.5,36,100.42,37,0.131366239
-80.25,36,417.03,60,0.165325731
-80,36,28.74,11,0.196362263
-79.75,36,0,0,0.220668634
-79.5,36,33.58,11,0.235284
-79.25,36,26.31,11,0.239357538
-79,36,0,0,0.233864871
-78.75,36,0,0,0.221352997
-78.5,36,107.41,85,0.205243006
-78.25,36,10.88,0,0.1887288
-78,36,0.13,0,0.17429162
-77.75,36,0,0,0.163663964
-77.5,36,112.83,7,0.158035084
-77.25,36,7.25,0,0.158347492
-77,36,6.16,0,0.165545046
-76.75,36,0,0,0.180817496
-97.25,36.25,8.5,0,1.84E-14
-97,36.25,15,0,9.68E-14
-96.75,36.25,0,0,5.91E-13
-96.5,36.25,14.5,0,4.18E-12
-96.25,36.25,1.92,0,3.32E-11
-96,36.25,64.92,0,2.85E-10
-95.75,36.25,12.58,0,2.53E-09
-95.5,36.25,0.08,0,2.21E-08
-95.25,36.25,0,0,1.83E-07
-95,36.25,0.17,0,1.36E-06
-94.75,36.25,0,0,8.83E-06
-94.5,36.25,12.83,0,4.81E-05
-94.25,36.25,97.66,0,0.000213899
-94,36.25,49.77,0,0.000763709
-93.75,36.25,48.48,0,0.002174301
-93.5,36.25,6,0,0.004911701
-93.25,36.25,6.08,0,0.008835392
-93,36.25,0,0,0.012745917
-92.75,36.25,4,0,0.014932848
-92.5,36.25,44.83,0,0.014488589
-92.25,36.25,15.25,0,0.011976608
-92,36.25,0,0,0.008698053
-91.75,36.25,3,0,0.005717674
-91.5,36.25,13.67,0,0.00351819
-91.25,36.25,0,0,0.002097241
-91,36.25,1.35,0,0.001246461
-90.75,36.25,0,0,0.000760141
-90.5,36.25,2,0,0.000488451
-90.25,36.25,47.11,0,0.000337839
-89.5,36.25,6.95,0,0.000198008
-89.25,36.25,0,0,0.000204145
-89,36.25,0,0,0.000232128
-88.75,36.25,3.7,0,0.000287107
-88.5,36.25,2.75,0,0.000379452
-88.25,36.25,0.95,0,0.000524672
-88,36.25,0.75,0,0.000741353
-87.75,36.25,0.75,0,0.001044375
-87.5,36.25,6.64,0,0.001433064
-87.25,36.25,0,0,0.0018746
-87,36.25,61.71,0,0.002299416
-86.75,36.25,100.77,0,0.002616194
-86.5,36.25,172.76,0,0.002745604
-86.25,36.25,0,0,0.002659373
-86,36.25,0,0,0.002395631
-85.75,36.25,54.31,0,0.002035066
-85.5,36.25,43.74,0,0.001656765
-85.25,36.25,2,0,0.001316245
-85,36.25,0,0,0.001041215
-84.75,36.25,0,0,0.000837184
-84.5,36.25,7.75,0,0.000697483
-84.25,36.25,44.58,0,0.000612393
-84,36.25,58.67,0,0.000574479
-83.75,36.25,117.08,0,0.000581285
-83.5,36.25,2,0,0.00063759
-83.25,36.25,73.86,0,0.000758454
-83,36.25,19.66,0,0.000975046
-82.75,36.25,12.32,0,0.001344812
-82.5,36.25,88.59,0,0.001970186
-82.25,36.25,221.15,0,0.003027131
-82,36.25,111.46,0,0.004814487
-81.75,36.25,185.04,0,0.007795593
-81.5,36.25,48.39,0,0.012634531
-81.25,36.25,10.07,0,0.020158476
-81,36.25,0,0,0.031188826
-80.75,36.25,6.87,0,0.046168929
-80.5,36.25,66.35,2,0.064763616
-80.25,36.25,0,0,0.085668551
-80,36.25,9.83,7,0.106888304
-79.75,36.25,21.7,1,0.125856351
-79.5,36.25,0,0,0.140492138
-79.25,36.25,5.33,2,0.149406393
-79,36.25,89.54,15,0.152338877
-78.75,36.25,6,15,0.150110359
-78.5,36.25,0,0,0.144524164
-78.25,36.25,0.08,0,0.137652713
-78,36.25,3.14,0,0.131330176
-77.75,36.25,0.87,0,0.127040788
-77.5,36.25,60.17,2,0.125978008
-77.25,36.25,0,0,0.129196637
-77,36.25,0,0,0.137799092
-76.75,36.25,0.25,0,0.153165025
-76.5,36.25,0,0,0.177345734
-76.25,36.25,1,0,0.213483545
-76,36.25,3.5,0,0.266012506
-97.25,36.5,4.75,0,6.18E-15
-97,36.5,1.75,0,3.21E-14
-96.75,36.5,2,0,1.93E-13
-96.5,36.5,0,0,1.33E-12
-96.25,36.5,0,0,1.03E-11
-96,36.5,0,0,8.67E-11
-95.75,36.5,0,0,7.51E-10
-95.5,36.5,0,0,6.43E-09
-95.25,36.5,0,0,5.22E-08
-95,36.5,0,0,3.85E-07
-94.75,36.5,2.5,0,2.49E-06
-94.5,36.5,0.5,0,1.36E-05
-94.25,36.5,26.81,0,6.17E-05
-93,36.5,64.92,0,0.004800027
-92.75,36.5,4,0,0.006096875
-92.5,36.5,6.09,0,0.006432213
-91.75,36.5,63.75,0,0.003281723
-91.25,36.5,0.5,0,0.001419104
-91,36.5,5.33,0,0.000906216
-90.75,36.5,6.75,0,0.000588362
-90.5,36.5,3.17,0,0.0003986
-90.25,36.5,1.67,0,0.00028749
-89.5,36.5,10.88,0,0.000179191
-89.25,36.5,22.64,0,0.000184603
-89,36.5,0.17,0,0.000207632
-88.75,36.5,0,0,0.000251653
-88.5,36.5,0,0,0.00032288
-88.25,36.5,26.59,0,0.000429642
-88,36.5,3.71,0,0.000579924
-87.75,36.5,10.45,0,0.000774656
-87.5,36.5,101.66,0,0.001000585
-87.25,36.5,513.84,0,0.001223585
-87,36.5,0,0,0.001394326
-86.75,36.5,1,0,0.001467607
-86.5,36.5,0,0,0.001419827
-86.25,36.5,0,0,0.001265606
-86,36.5,0,0,0.001049416
-85.75,36.5,6,0,0.000822225
-85.5,36.5,5.62,0,0.000619507
-85.25,36.5,0,0,0.000458151
-85,36.5,0,0,0.000339773
-84.75,36.5,6.5,0,0.000258271
-84.5,36.5,4.92,0,0.000205352
-84.25,36.5,8,0,0.0001738
-84,36.5,3,0,0.000158862
-83.75,36.5,10.56,0,0.000158313
-83.5,36.5,0,0,0.000172834
-83.25,36.5,10.4,0,0.000206646
-83,36.5,139.89,0,0.000269304
-82.75,36.5,26.5,0,0.000379392
-82.5,36.5,34.41,0,0.000571449
-82.25,36.5,48.93,0,0.000908166
-82,36.5,55.61,0,0.001500452
-81.75,36.5,22.34,0,0.002536054
-81.5,36.5,13.95,0,0.004309125
-81.25,36.5,28.25,0,0.00722766
-81,36.5,13.78,0,0.011778747
-80.75,36.5,2.33,0,0.018400529
-80.5,36.5,0,0,0.02728312
-80.25,36.5,28.33,0,0.038200749
-80,36.5,58.53,7,0.050455269
-79.75,36.5,120.3,8,0.062874945
-79.5,36.5,9.57,0,0.074238588
-79.25,36.5,8,0,0.083389714
-79,36.5,1.08,0,0.089683989
-78.75,36.5,0,0,0.093080272
-78.5,36.5,0,0,0.094204502
-78.25,36.5,46.55,2,0.094094886
-78,36.5,8.37,0,0.093844814
-77.75,36.5,6.29,0,0.09454087
-77.5,36.5,62.63,0,0.097218875
-77.25,36.5,23.92,0,0.102919894
-77,36.5,2.75,0,0.112813096
-76.75,36.5,13.75,0,0.12835551
-76.5,36.5,68.56,9,0.151468352
-76.25,36.5,31.24,0,0.185090644
-97,36.75,1.52,0,1.17E-14
-96.75,36.75,0,0,6.89E-14
-96.5,36.75,335.73,0,4.62E-13
-96.25,36.75,6.19,0,3.45E-12
-96,36.75,24.25,0,2.78E-11
-95.75,36.75,0,0,2.31E-10
-95.5,36.75,1,0,1.90E-09
-95.25,36.75,0,0,1.49E-08
-95,36.75,1.5,0,1.07E-07
-94.75,36.75,1.58,0,6.77E-07
-89,36.75,0,0,0.000173272
-88.75,36.75,0,0,0.000205734
-88.5,36.75,0,0,0.000256044
-88.25,36.75,13,0,0.000327559
-88,36.75,82.14,0,0.000421778
-87.75,36.75,0,0,0.000533368
-87.5,36.75,0,0,0.000647926
-87.25,36.75,0,0,0.000740318
-87,36.75,0,0,0.000784028
-86.75,36.75,0,0,0.000763316
-86.5,36.75,0,0,0.00068137
-86.25,36.75,0,0,0.000559957
-86,36.75,0,0,0.000428345
-85.75,36.75,0,0,0.000310044
-85.5,36.75,0,0,0.000216542
-85.25,36.75,0,0,0.000149173
-85,36.75,0,0,0.000103724
-84.75,36.75,7.58,0,7.45E-05
-84.5,36.75,11.38,0,5.64E-05
-84.25,36.75,9.17,0,4.59E-05
-84,36.75,0,0,4.08E-05
-83.75,36.75,16.03,0,3.98E-05
-83.5,36.75,0,0,4.31E-05
-83.25,36.75,4.5,0,5.14E-05
-83,36.75,0,0,6.74E-05
-82.75,36.75,0,0,9.62E-05
-82.5,36.75,0,0,0.00014781
-82.25,36.75,0,0,0.000240941
-82,36.75,0.26,0,0.00041054
-81.75,36.75,0,0,0.000718736
-81.5,36.75,20.99,0,0.001270497
-81.25,36.75,4.25,0,0.002228809
-81,36.75,4.75,0,0.003817825
-80.75,36.75,2.49,0,0.006296117
-80.5,36.75,8.93,0,0.009895262
-80.25,36.75,41.68,0,0.014731273
-80,36.75,6.5,1,0.020751553
-79.75,36.75,0,0,0.027610768
-79.5,36.75,67.67,10,0.034780734
-79.25,36.75,12.16,0,0.041670817
-79,36.75,7.58,0,0.047794244
-78.75,36.75,20.01,1,0.052838899
-78.5,36.75,2.25,3,0.056875986
-78.25,36.75,0,0,0.060255578
-78,36.75,0.2,0,0.063513439
-77.75,36.75,1.34,0,0.067326643
-77.5,36.75,1.22,0,0.072470291
-77.25,36.75,10.75,4,0.079849455
-77,36.75,0.72,0,0.090567298
-76.75,36.75,10.75,3,0.106032246
-76.5,36.75,194.72,0,0.128109517
-76.25,36.75,81.47,9,0.159361689
-76,36.75,24.08,0,0.203169936
-96.5,37,23.19,0,1.72E-13
-96.25,37,0.84,0,1.23E-12
-96,37,3,0,9.36E-12
-95.75,37,0,0,7.35E-11
-95.5,37,0.33,0,5.74E-10
-95.25,37,0,0,4.28E-09
-95,37,0,0,2.94E-08
-94.75,37,13.16,0,1.80E-07
-89,37,4,0,0.000132
-88.75,37,5.08,0,0.000153276
-88.5,37,6,0,0.000184817
-88.25,37,40.32,0,0.000227222
-88,37,85.26,0,0.000278951
-87.75,37,5,0,0.000334082
-87.5,37,0,0,0.00038158
-87.25,37,0,0,0.000407724
-87,37,0,0,0.00040214
-86.75,37,0,0,0.000363452
-86.5,37,0.5,0,0.000300685
-86.25,37,0,0,0.000228999
-86,37,1.33,0,0.000162498
-85.75,37,0,0,0.000109298
-85.5,37,0,0,7.11E-05
-85.25,37,2.17,0,4.59E-05
-85,37,0.22,0,3.00E-05
-84.75,37,52.01,0,2.04E-05
-84.5,37,69.37,0,1.47E-05
-84.25,37,20.12,0,1.15E-05
-84,37,0,0,9.93E-06
-83.75,37,0,0,9.49E-06
-83.5,37,12.2,0,1.01E-05
-83.25,37,0,0,1.20E-05
-83,37,0,0,1.57E-05
-82.75,37,12.91,0,2.25E-05
-82.5,37,2,0,3.50E-05
-82.25,37,0,0,5.79E-05
-82,37,4.41,0,0.000100785
-81.75,37,0,0,0.000181175
-81.5,37,0,0,0.000330701
-81.25,37,2.58,0,0.000603275
-81,37,1,0,0.001082458
-80.75,37,16.75,0,0.001881816
-80.5,37,40.31,0,0.003138747
-80.25,37,34.97,0,0.004983686
-80,37,22.93,0,0.007516699
-79.75,37,3,0,0.010739032
-79.5,37,1.08,1,0.014546491
-79.25,37,1.5,0,0.018767342
-79,37,7,0,0.023171832
-78.75,37,0,0,0.027568633
-78.5,37,10.06,0,0.031878444
-78.25,37,2.36,0,0.03617408
-78,37,0.43,0,0.040687011
-77.75,37,0,0,0.04580163
-77.5,37,0.22,0,0.05204205
-77.25,37,6.83,4,0.060125586
-77,37,0,0,0.071005083
-76.75,37,0.09,0,0.085967245
-88.5,37.25,5.5,0,0.000119684
-88.25,37.25,0,0,0.000141254
-88,37.25,0,0,0.00016531
-87.75,37.25,0,0,0.000187532
-87.5,37.25,0,0,0.000201648
-87.25,37.25,7.91,0,0.000201977
-87,37.25,2.41,0,0.000186338
-86.75,37.25,0,0,0.000157312
-86.5,37.25,0,0,0.000121518
-86.25,37.25,9.51,0,8.65E-05
-86,37.25,66.79,0,5.74E-05
-85.75,37.25,27.24,0,3.62E-05
-85.5,37.25,0,0,2.22E-05
-85.25,37.25,29.29,0,1.35E-05
-85,37.25,0,0,8.36E-06
-84.75,37.25,29.51,0,5.41E-06
-84.5,37.25,15.38,0,3.74E-06
-84.25,37.25,0,0,2.82E-06
-84,37.25,0.33,0,2.36E-06
-83.75,37.25,0,0,2.20E-06
-83.5,37.25,14.71,0,2.30E-06
-83.25,37.25,0,0,2.69E-06
-83,37.25,0,0,3.50E-06
-82.75,37.25,5.75,0,5.01E-06
-82.5,37.25,0,0,7.78E-06
-82.25,37.25,8,0,1.30E-05
-82,37.25,0,0,2.28E-05
-81.75,37.25,0,0,4.18E-05
-81.5,37.25,1,0,7.82E-05
-81.25,37.25,0,0,0.000147353
-81,37.25,1.43,0,0.000275449
-80.75,37.25,28.12,0,0.000503463
-80.5,37.25,188.01,0,0.000889585
-80.25,37.25,45,0,0.001506981
-80,37.25,131.08,3,0.002436816
-79.75,37.25,1.18,0,0.003752104
-79.5,37.25,17.42,0,0.005499057
-79.25,37.25,0.5,0,0.007688861
-79,37.25,5.25,0,0.010296817
-78.75,37.25,2.34,0,0.01328948
-78.5,37.25,31.33,0,0.016643315
-78.25,37.25,12.27,1,0.020394369
-78,37.25,2.91,0,0.02466949
-77.75,37.25,0.08,1,0.02970923
-77.5,37.25,38.49,0,0.035888989
-77.25,37.25,59.4,1,0.043751081
-77,37.25,2.18,0,0.054079251
-76.75,37.25,409.21,50,0.067986592
-76,37.25,54.63,0,0.148090313
-88,37.5,7.5,0,8.75E-05
-87.75,37.5,0,0,9.39E-05
-87.5,37.5,0,0,9.53E-05
-87.25,37.5,1.93,0,8.97E-05
-87,37.5,0,0,7.79E-05
-86.75,37.5,0,0,6.19E-05
-86.5,37.5,0,0,4.51E-05
-86.25,37.5,0,0,3.03E-05
-86,37.5,0,0,1.91E-05
-85.75,37.5,25,0,1.14E-05
-85.5,37.5,0.23,0,6.65E-06
-85.25,37.5,0,0,3.86E-06
-85,37.5,6.24,0,2.29E-06
-84.75,37.5,1.24,0,1.42E-06
-84.5,37.5,0,0,9.46E-07
-84.25,37.5,188.7,0,6.90E-07
-84,37.5,4,0,5.60E-07
-83.75,37.5,0,0,5.11E-07
-83.5,37.5,0,0,5.24E-07
-83.25,37.5,0,0,6.02E-07
-83,37.5,0,0,7.72E-07
-82.75,37.5,0,0,1.09E-06
-82.5,37.5,0,0,1.69E-06
-82.25,37.5,11.09,0,2.80E-06
-82,37.5,8.79,0,4.93E-06
-81.75,37.5,13.27,0,9.09E-06
-81.5,37.5,0,0,1.73E-05
-81.25,37.5,2.67,0,3.34E-05
-81,37.5,4.5,0,6.47E-05
-80.75,37.5,1,0,0.000123757
-80.5,37.5,23.21,0,0.000230871
-80.25,37.5,5.5,0,0.000416339
-80,37.5,294.71,0,0.000721663
-79.75,37.5,38.93,0,0.001199435
-79.5,37.5,182.86,0,0.001907383
-79.25,37.5,24.68,0,0.002903165
-79,37.5,3.75,0,0.004239579
-78.75,37.5,24.69,0,0.005966508
-78.5,37.5,11.11,0,0.008138284
-78.25,37.5,32.58,0,0.010831855
-78,37.5,31.53,0,0.014171826
-77.75,37.5,35.77,1,0.018357742
-77.5,37.5,239.5,7,0.023692615
-77.25,37.5,84.17,0,0.030618456
-77,37.5,34.25,2,0.039786211
-76.75,37.5,65.83,0,0.052115718
-76.5,37.5,242.73,0,0.068842142
-75.75,37.5,26.78,0,0.16383156
-88,37.75,27.57,0,4.15E-05
-87.75,37.75,148.28,0,4.22E-05
-87.5,37.75,8.58,0,4.05E-05
-87.25,37.75,0,0,3.60E-05
-87,37.75,0,0,2.96E-05
-86.75,37.75,2.75,0,2.24E-05
-86.5,37.75,0.33,0,1.55E-05
-86.25,37.75,0,0,9.98E-06
-86,37.75,1.3,0,6.02E-06
-85.75,37.75,10,0,3.47E-06
-85.5,37.75,3.5,0,1.95E-06
-85.25,37.75,0,0,1.09E-06
-85,37.75,0,0,6.25E-07
-84.75,37.75,9.17,0,3.76E-07
-84.5,37.75,5.75,0,2.43E-07
-84.25,37.75,51.04,0,1.73E-07
-84,37.75,0,0,1.37E-07
-83.75,37.75,25.06,0,1.22E-07
-83.5,37.75,27.5,0,1.23E-07
-83.25,37.75,3.25,0,1.38E-07
-83,37.75,0,0,1.74E-07
-82.75,37.75,2.25,0,2.42E-07
-82.5,37.75,0,0,3.68E-07
-82.25,37.75,35.24,0,6.02E-07
-82,37.75,14.03,0,1.05E-06
-81.75,37.75,12.42,0,1.93E-06
-81.5,37.75,0,0,3.70E-06
-81.25,37.75,3.25,0,7.29E-06
-81,37.75,16.92,0,1.45E-05
-80.75,37.75,0,0,2.88E-05
-80.5,37.75,0,0,5.65E-05
-80.25,37.75,0.05,0,0.000108012
-80,37.75,0,0,0.00020033
-79.75,37.75,30.84,0,0.000358871
-79.5,37.75,1.5,0,0.000619036
-79.25,37.75,22.54,0,0.001026755
-79,37.75,1.48,0,0.001637989
-78.75,37.75,2.9,0,0.002519995
-78.5,37.75,19.04,0,0.003754414
-78.25,37.75,4.24,0,0.005444748
-78,37.75,11.01,0,0.007729982
-77.75,37.75,6.34,0,0.01080472
-77.5,37.75,61.33,3,0.014943173
-77.25,37.75,4.67,0,0.020534135
-77,37.75,18.08,0,0.028129204
-76.75,37.75,2.79,0,0.038493949
-76.5,37.75,0,0,0.052653866
-75.75,37.75,25.83,0,0.133026361
-86.5,38,0,0,5.04E-06
-86.25,38,0,0,3.14E-06
-86,38,38.33,0,1.84E-06
-85.75,38,73,0,1.03E-06
-85.5,38,99.75,0,5.67E-07
-85.25,38,0,0,3.10E-07
-85,38,4.59,0,1.74E-07
-84.75,38,0,0,1.03E-07
-84.5,38,426.09,0,6.51E-08
-84.25,38,10.67,0,4.53E-08
-84,38,0,0,3.52E-08
-83.75,38,0,0,3.08E-08
-83.5,38,10.56,0,3.03E-08
-83.25,38,0,0,3.35E-08
-83,38,0,0,4.13E-08
-82.75,38,6,0,5.62E-08
-82.5,38,0,0,8.34E-08
-82.25,38,6.5,0,1.33E-07
-82,38,7.84,0,2.29E-07
-81.75,38,9.84,0,4.16E-07
-81.5,38,8.84,0,7.96E-07
-81.25,38,13.17,0,1.58E-06
-81,38,119.51,0,3.21E-06
-80.75,38,11.83,0,6.57E-06
-80.5,38,2.17,0,1.34E-05
-80.25,38,25.38,0,2.71E-05
-80,38,10.83,0,5.36E-05
-79.75,38,6,0,0.000103068
-79.5,38,12,0,0.000192238
-79.25,38,11.22,0,0.000346511
-79,38,95.69,0,0.000602861
-78.75,38,71.37,0,0.001013116
-78.5,38,168.91,0,0.001648355
-78.25,38,5.72,0,0.002605253
-78,38,3.31,0,0.004015776
-77.75,38,14.49,0,0.006061353
-77.5,38,0,0,0.008992057
-77.25,38,19,0,0.013153048
-77,38,30.34,0,0.019021084
-76.75,38,12.63,0,0.027239036
-75.75,38,44.59,24,0.104283135
-75.5,38,57.57,16,0.142063377
-85.75,38.25,612.47,0,3.07E-07
-85.5,38.25,261.34,0,1.66E-07
-85.25,38.25,0.16,0,9.02E-08
-85,38.25,9.66,0,5.00E-08
-84.75,38.25,10.13,0,2.92E-08
-84.5,38.25,5,0,1.83E-08
-84.25,38.25,0,0,1.27E-08
-84,38.25,4,0,9.73E-09
-83.75,38.25,0,0,8.38E-09
-83.5,38.25,6.42,0,8.09E-09
-83.25,38.25,47,0,8.76E-09
-83,38.25,26,0,1.05E-08
-82.75,38.25,5.5,0,1.40E-08
-82.5,38.25,47.17,0,2.02E-08
-82.25,38.25,20.67,0,3.14E-08
-82,38.25,4.08,0,5.24E-08
-81.75,38.25,20.52,0,9.36E-08
-81.5,38.25,30.75,0,1.77E-07
-81.25,38.25,79.57,0,3.52E-07
-81,38.25,17.25,0,7.23E-07
-80.75,38.25,14.67,0,1.51E-06
-80.5,38.25,3.25,0,3.21E-06
-80.25,38.25,58.29,0,6.77E-06
-80,38.25,50.48,0,1.42E-05
-79.75,38.25,42.24,0,2.91E-05
-79.5,38.25,91.49,0,5.84E-05
-79.25,38.25,54.1,0,0.000113747
-79,38.25,31.45,0,0.000214814
-78.75,38.25,121.56,0,0.000392751
-78.5,38.25,20.03,0,0.000695475
-78.25,38.25,8.25,0,0.001194546
-78,38.25,5.16,0,0.001994446
-77.75,38.25,1.49,0,0.003244961
-77.5,38.25,5.11,0,0.00515734
-77.25,38.25,10.24,0,0.008024983
-77,38.25,9.69,0,0.012248878
-76.75,38.25,10.41,0,0.018367567
-76.5,38.25,236.32,0,0.027073404
-75.75,38.25,37.14,33,0.078404679
-75.5,38.25,210.22,8,0.108011276
-75.25,38.25,222.66,61,0.146728255
-85.25,38.5,9.65,0,2.71E-08
-85,38.5,0.03,0,1.51E-08
-84.75,38.5,0,0,8.79E-09
-84.5,38.5,42.98,0,5.52E-09
-84.25,38.5,0,0,3.81E-09
-84,38.5,0,0,2.91E-09
-83.75,38.5,2.5,0,2.48E-09
-83.5,38.5,2,0,2.36E-09
-83.25,38.5,0,0,2.51E-09
-83,38.5,0,0,2.94E-09
-82.75,38.5,882.62,0,3.80E-09
-82.25,38.5,39.95,0,8.00E-09
-82,38.5,11.39,0,1.30E-08
-81.75,38.5,3.5,0,2.27E-08
-81.5,38.5,0,0,4.22E-08
-81.25,38.5,0,0,8.32E-08
-81,38.5,0,0,1.71E-07
-80.75,38.5,1.27,0,3.64E-07
-80.5,38.5,1.08,0,7.91E-07
-80.25,38.5,4,0,1.74E-06
-80,38.5,2.66,0,3.81E-06
-79.75,38.5,37.25,0,8.28E-06
-79.5,38.5,273.55,0,1.77E-05
-79.25,38.5,72.64,0,3.70E-05
-79,38.5,71.57,0,7.53E-05
-78.75,38.5,48.51,0,0.000148783
-78.5,38.5,122.08,0,0.000284901
-78.25,38.5,53.54,0,0.000528698
-78,38.5,1.75,0,0.000951253
-77.75,38.5,81.41,0,0.001661019
-77.5,38.5,43.99,0,0.002818303
-77.25,38.5,195.62,0,0.004653089
-77,38.5,41.75,0,0.007485327
-76.75,38.5,33.92,0,0.011743421
-76.25,38.5,135.11,32,0.026905042
-76,38.5,138.52,47,0.039336012
-75.75,38.5,87.99,0,0.056166291
-75.5,38.5,33.39,0,0.07842777
-75.25,38.5,56.9,0,0.107524227
-85,38.75,1,0,4.78E-09
-84.75,38.75,0.25,0,2.81E-09
-84.5,38.75,4.17,0,1.78E-09
-84.25,38.75,1.5,0,1.24E-09
-84,38.75,6,0,9.46E-10
-82,38.75,7.27,0,3.55E-09
-81.75,38.75,4.06,0,6.03E-09
-81.5,38.75,0,0,1.10E-08
-81.25,38.75,0,0,2.14E-08
-81,38.75,0.83,0,4.39E-08
-80.75,38.75,4,0,9.37E-08
-80.5,38.75,9.91,0,2.07E-07
-80.25,38.75,0,0,4.67E-07
-80,38.75,0.5,0,1.07E-06
-79.75,38.75,10,0,2.43E-06
-79.5,38.75,4.59,0,5.48E-06
-79.25,38.75,21.59,0,1.22E-05
-79,38.75,2,0,2.64E-05
-78.75,38.75,10.16,0,5.58E-05
-78.5,38.75,32.34,0,0.000114495
-78.25,38.75,123.31,0,0.000227632
-78,38.75,5.62,0,0.000438014
-77.75,38.75,168.54,0,0.000815388
-77.5,38.75,190.02,0,0.00146868
-77.25,38.75,759.57,0,0.002561388
-77,38.75,1269.77,0,0.004329358
-76.75,38.75,439.23,0,0.00709537
-76.25,38.75,0,0,0.017418091
-76,38.75,192.15,0,0.026146579
-75.75,38.75,69.12,0,0.03811697
-75.5,38.75,27.55,0,0.054094446
-75.25,38.75,189.44,0,0.075018533
-84.75,39,96.07,0,9.60E-10
-84.5,39,185.74,0,6.18E-10
-82,39,3.43,0,1.08E-09
-81.75,39,8.9,0,1.79E-09
-81.5,39,0.87,0,3.19E-09
-81.25,39,0,0,6.10E-09
-81,39,0,0,1.23E-08
-80.75,39,2.67,0,2.64E-08
-80.5,39,9.78,0,5.87E-08
-80.25,39,1.5,0,1.35E-07
-80,39,41.58,0,3.17E-07
-79.75,39,72.84,0,7.48E-07
-79.5,39,152.59,0,1.76E-06
-79.25,39,53.27,0,4.10E-06
-79,39,8.17,0,9.38E-06
-78.75,39,62.16,0,2.10E-05
-78.5,39,109.49,0,4.56E-05
-78.25,39,98.85,0,9.61E-05
-78,39,306.46,0,0.000195898
-77.75,39,146.19,0,0.000385532
-77.5,39,500.22,0,0.000731928
-77.25,39,958.91,0,0.001340536
-77,39,1409.48,0,0.002370316
-76.75,39,654.52,0,0.00404738
-76.5,39,233.13,0,0.006671764
-76,39,162.41,0,0.01638157
-75.75,39,6.44,0,0.024428084
-75.5,39,37.7,0,0.035304365
-81.5,39.25,8.25,0,1.03E-09
-81.25,39.25,0.75,0,1.94E-09
-81,39.25,2.27,0,3.87E-09
-80.75,39.25,0,0,8.20E-09
-80.5,39.25,4.66,0,1.83E-08
-80.25,39.25,1.5,0,4.25E-08
-80,39.25,38.47,0,1.01E-07
-79.75,39.25,1.58,0,2.45E-07
-79.5,39.25,41.84,0,5.94E-07
-79.25,39.25,2.72,0,1.43E-06
-79,39.25,7.91,0,3.42E-06
-78.75,39.25,83.19,0,7.98E-06
-78.5,39.25,67.42,0,1.82E-05
-78.25,39.25,36.9,0,4.01E-05
-78,39.25,100.25,0,8.57E-05
-77.75,39.25,337.87,0,0.000176588
-77.5,39.25,256.57,0,0.000350555
-77.25,39.25,278.36,0,0.000670112
-77,39.25,1356.21,0,0.001232874
-76.75,39.25,1628.12,0,0.002183369
-76.5,39.25,233.71,0,0.003722628
-76,39.25,257.35,0,0.009665859
-75.75,39.25,38.34,0,0.014756204
-75.5,39.25,647.83,0,0.021775852
-81,39.5,0.67,0,1.35E-09
-80.75,39.5,13.3,0,2.84E-09
-80.5,39.5,8.87,0,6.31E-09
-80.25,39.5,30.32,0,1.47E-08
-80,39.5,62.18,0,3.52E-08
-79.75,39.5,87.86,0,8.62E-08
-79.5,39.5,112.58,0,2.13E-07
-79.25,39.5,36.67,0,5.26E-07
-79,39.5,187.13,0,1.29E-06
-78.75,39.5,30.35,0,3.10E-06
-78.5,39.5,53.96,0,7.28E-06
-78.25,39.5,52.99,0,1.67E-05
-78,39.5,28.62,0,3.69E-05
-77.75,39.5,97.2,0,7.89E-05
-77.5,39.5,299.09,0,0.000162437
-77.25,39.5,40.63,0,0.000321643
-77,39.5,29.79,0,0.000612043
-76.75,39.5,397.96,0,0.00111968
-76.5,39.5,202.77,0,0.001967372
-76.25,39.5,404.62,0,0.003319818
-75.75,39.5,62.54,0,0.008427174
-80.75,39.75,40.26,0,1.09E-09
-80.75,40,1.75,0,4.51E-10
